MenuItemID,MenuItemName,MenuItemCategory,UnitPrice,CostPerUnit,IsArtisanalCheese
MI001,Gourmet Burger Station,Cheese,20.58,8.39,False
MI002,Crepe Station,Beverage,15.76,11.032,False
MI003,Lemon Meringue Tart,Cheese,27.94,2.01,False
MI004,Fresh Fruit Platter,Beverage,42.14,2.41,False
MI005,Artisanal Cheese Platter,Main Course,17.59,12.312999999999999,False
MI006,Infused Water Bar,Beverage,47.41,10.39,False
MI007,Assorted Tea Selection,Side Dish,44.3,10.89,False
MI008,Freshly Squeezed Orange Juice,Side Dish,12.28,8.595999999999998,False
MI009,Herb Butter,Side Dish,40.38,6.41,False
MI010,Truffle Mac & Cheese,Appetizer,30.86,6.87,False
MI011,Mediterranean Mezze,Main Course,30.5,13.15,False
MI012,Mango Sticky Rice,Cheese,22.6,15.82,False
MI013,Wild Mushroom Risotto,Cheese,27.55,16.25,False
MI014,Spicy Edamame,Appetizer,22.87,8.84,False
MI015,Spinach and Berry Salad,Beverage,29.29,11.9,False
MI016,Asparagus with Hollandaise,Appetizer,33.26,5.93,False
MI017,Pork Belly Bao Buns,Beverage,35.34,3.72,False
MI018,Duck Confit Tacos,Beverage,28.96,20.0,False
MI019,Classic Caesar Salad,Dessert,37.46,8.1,False
MI020,Vegan Bolognese,Cheese,11.36,6.09,False
MI021,Organic Chicken Breast,Side Dish,14.54,10.177999999999999,False
MI022,Garlic Mashed Potatoes,Beverage,41.84,16.22,False
MI023,Assorted Dessert Bites,Dessert,19.51,13.657,False
MI024,Prosciutto-Wrapped Melon,Cheese,6.03,4.221,False
MI025,Gourmet Mini Quiches,Side Dish,11.92,7.35,False
MI026,Spicy Shrimp Skewers,Beverage,15.06,7.08,True
MI027,Chocolate Lava Cake,Beverage,48.08,6.0,False
MI028,Taco Bar,Appetizer,30.79,17.08,False
MI029,Pan-Seared Salmon,Appetizer,46.97,21.5,False
MI030,Grass-Fed Beef Sliders,Cheese,30.88,18.66,False
MI031,Roasted Vegetable Medley,Side Dish,26.57,18.599,False
MI032,Gourmet Coffee Station,Beverage,19.12,11.31,False
MI033,Green Tea Mochi,Cheese,32.29,17.04,False
MI034,Beef Tenderloin with Au Jus,Cheese,11.26,7.882,False
MI035,Chicken Florentine,Main Course,45.42,14.09,False
MI036,Smoked Salmon Crostini,Appetizer,42.32,13.08,False
MI037,Tuna Tartare,Side Dish,19.29,6.07,False
MI038,Dairy-Free Panna Cotta,Beverage,47.88,10.9,False
MI039,Sushi Rolls Assortment,Cheese,42.13,24.17,False
MI040,Quinoa Salad,Beverage,34.98,7.72,False
MI041,Waffle Bar,Main Course,10.48,5.08,False
MI042,Gluten-Free Brownies,Side Dish,26.52,11.63,False
MI043,Kimchi Pancakes,Cheese,27.77,19.439,False
MI044,Miniature Crab Cakes,Beverage,15.46,10.822,False
MI045,Sparkling Elderflower Spritzer,Appetizer,8.6,6.02,False
MI046,Caprese Skewers,Main Course,39.95,6.36,False
MI047,Maple Glazed Carrots,Side Dish,10.49,7.343,False
MI048,Customizable Pasta Bar,Main Course,31.74,9.44,False
MI049,Warm Bread Rolls,Appetizer,47.14,21.19,False
MI050,Lobster Bisque Shooters,Side Dish,44.42,16.47,False
