OrderDetailID,OrderID,MenuItemID,QuantitySold,UnitPrice,CostPerUnit,IsArtisanalCheese,MenuItemName,LineRevenue,LineProfit,OrderDate,Day,Month,Year
OD00001,ORD00087,MI019,51,37.46,8.1,False,Classic Caesar Salad,1910.46,1497.36,2024-10-06,6,10,2024
OD00276,ORD00087,MI027,44,48.08,6.0,False,Chocolate Lava Cake,2115.52,1851.52,2024-10-06,6,10,2024
OD00553,ORD00087,MI003,63,27.94,2.01,False,Lemon Meringue Tart,1760.22,1633.59,2024-10-06,6,10,2024
OD00035,ORD00149,MI019,76,37.46,8.1,False,Classic Caesar Salad,2846.96,2231.36,2024-06-19,19,6,2024
OD00068,ORD00149,MI030,14,30.88,18.66,False,Grass-Fed Beef Sliders,432.32,171.08,2024-06-19,19,6,2024
OD00067,ORD00149,MI016,29,33.26,5.93,False,Asparagus with Hollandaise,964.54,792.57,2024-06-19,19,6,2024
OD00523,ORD00149,MI044,78,15.46,10.822,False,Miniature Crab Cakes,1205.88,361.76,2024-06-19,19,6,2024
OD00126,ORD00012,MI019,81,37.46,8.1,False,Classic Caesar Salad,3034.26,2378.16,2024-03-28,28,3,2024
OD00380,ORD00012,MI002,88,15.76,11.032,False,Crepe Station,1386.88,416.06,2024-03-28,28,3,2024
OD00228,ORD00280,MI019,24,37.46,8.1,False,Classic Caesar Salad,899.04,704.64,2024-06-09,9,6,2024
OD00238,ORD00036,MI019,45,37.46,8.1,False,Classic Caesar Salad,1685.7,1321.2,2024-06-23,23,6,2024
OD00257,ORD00021,MI019,82,37.46,8.1,False,Classic Caesar Salad,3071.72,2407.52,2024-10-20,20,10,2024
OD00450,ORD00021,MI023,57,19.51,13.657,False,Assorted Dessert Bites,1112.07,333.62,2024-10-20,20,10,2024
OD00272,ORD00021,MI011,5,30.5,13.15,False,Mediterranean Mezze,152.5,86.75,2024-10-20,20,10,2024
OD00385,ORD00021,MI031,53,26.57,18.599,False,Roasted Vegetable Medley,1408.21,422.46,2024-10-20,20,10,2024
OD00539,ORD00021,MI022,70,41.84,16.22,False,Garlic Mashed Potatoes,2928.8,1793.4,2024-10-20,20,10,2024
OD00295,ORD00198,MI019,45,37.46,8.1,False,Classic Caesar Salad,1685.7,1321.2,2024-02-21,21,2,2024
OD00212,ORD00198,MI004,95,42.14,2.41,False,Fresh Fruit Platter,4003.3,3774.35,2024-02-21,21,2,2024
OD00192,ORD00198,MI041,31,10.48,5.08,False,Waffle Bar,324.88,167.4,2024-02-21,21,2,2024
OD00197,ORD00198,MI022,14,41.84,16.22,False,Garlic Mashed Potatoes,585.76,358.68,2024-02-21,21,2,2024
OD00324,ORD00232,MI019,66,37.46,8.1,False,Classic Caesar Salad,2472.36,1937.76,2024-08-27,27,8,2024
OD00009,ORD00232,MI045,63,8.6,6.02,False,Sparkling Elderflower Spritzer,541.8,162.54,2024-08-27,27,8,2024
OD00538,ORD00232,MI011,88,30.5,13.15,False,Mediterranean Mezze,2684.0,1526.8,2024-08-27,27,8,2024
OD00370,ORD00008,MI019,43,37.46,8.1,False,Classic Caesar Salad,1610.78,1262.48,2024-04-12,12,4,2024
OD00017,ORD00008,MI046,37,39.95,6.36,False,Caprese Skewers,1478.15,1242.83,2024-04-12,12,4,2024
OD00351,ORD00008,MI023,21,19.51,13.657,False,Assorted Dessert Bites,409.71,122.91,2024-04-12,12,4,2024
OD00530,ORD00008,MI013,95,27.55,16.25,False,Wild Mushroom Risotto,2617.25,1073.5,2024-04-12,12,4,2024
OD00402,ORD00227,MI019,62,37.46,8.1,False,Classic Caesar Salad,2322.52,1820.32,2024-10-20,20,10,2024
OD00143,ORD00227,MI048,93,31.74,9.44,False,Customizable Pasta Bar,2951.82,2073.9,2024-10-20,20,10,2024
OD00500,ORD00227,MI047,10,10.49,7.343,False,Maple Glazed Carrots,104.9,31.47,2024-10-20,20,10,2024
OD00341,ORD00227,MI013,46,27.55,16.25,False,Wild Mushroom Risotto,1267.3,519.8,2024-10-20,20,10,2024
OD00451,ORD00227,MI024,79,6.03,4.221,False,Prosciutto-Wrapped Melon,476.37,142.91,2024-10-20,20,10,2024
OD00403,ORD00189,MI019,37,37.46,8.1,False,Classic Caesar Salad,1386.02,1086.32,2024-06-20,20,6,2024
OD00572,ORD00189,MI046,32,39.95,6.36,False,Caprese Skewers,1278.4,1074.88,2024-06-20,20,6,2024
OD00093,ORD00189,MI035,56,45.42,14.09,False,Chicken Florentine,2543.52,1754.48,2024-06-20,20,6,2024
OD00463,ORD00091,MI019,37,37.46,8.1,False,Classic Caesar Salad,1386.02,1086.32,2024-02-10,10,2,2024
OD00473,ORD00281,MI019,72,37.46,8.1,False,Classic Caesar Salad,2697.12,2113.92,2024-04-25,25,4,2024
OD00103,ORD00281,MI028,50,30.79,17.08,False,Taco Bar,1539.5,685.5,2024-04-25,25,4,2024
OD00399,ORD00281,MI030,47,30.88,18.66,False,Grass-Fed Beef Sliders,1451.36,574.34,2024-04-25,25,4,2024
OD00506,ORD00002,MI019,73,37.46,8.1,False,Classic Caesar Salad,2734.58,2143.28,2024-12-14,14,12,2024
OD00299,ORD00002,MI013,74,27.55,16.25,False,Wild Mushroom Risotto,2038.7,836.2,2024-12-14,14,12,2024
OD00507,ORD00125,MI019,86,37.46,8.1,False,Classic Caesar Salad,3221.56,2524.96,2024-08-14,14,8,2024
OD00306,ORD00125,MI022,65,41.84,16.22,False,Garlic Mashed Potatoes,2719.6,1665.3,2024-08-14,14,8,2024
OD00002,ORD00043,MI012,85,22.6,15.82,False,Mango Sticky Rice,1921.0,576.3,2024-11-02,2,11,2024
OD00289,ORD00043,MI017,57,35.34,3.72,False,Pork Belly Bao Buns,2014.38,1802.34,2024-11-02,2,11,2024
OD00576,ORD00043,MI024,11,6.03,4.221,False,Prosciutto-Wrapped Melon,66.33,19.9,2024-11-02,2,11,2024
OD00006,ORD00133,MI012,31,22.6,15.82,False,Mango Sticky Rice,700.6,210.18,2024-10-09,9,10,2024
OD00401,ORD00133,MI021,82,14.54,10.177999999999999,False,Organic Chicken Breast,1192.28,357.68,2024-10-09,9,10,2024
OD00042,ORD00288,MI012,33,22.6,15.82,False,Mango Sticky Rice,745.8,223.74,2024-04-21,21,4,2024
OD00043,ORD00288,MI015,32,29.29,11.9,False,Spinach and Berry Salad,937.28,556.48,2024-04-21,21,4,2024
OD00056,ORD00288,MI009,79,40.38,6.41,False,Herb Butter,3190.02,2683.63,2024-04-21,21,4,2024
OD00073,ORD00236,MI012,57,22.6,15.82,False,Mango Sticky Rice,1288.2,386.46,2024-05-03,3,5,2024
OD00144,ORD00154,MI012,22,22.6,15.82,False,Mango Sticky Rice,497.2,149.16,2024-11-22,22,11,2024
OD00269,ORD00154,MI023,72,19.51,13.657,False,Assorted Dessert Bites,1404.72,421.42,2024-11-22,22,11,2024
OD00320,ORD00154,MI030,91,30.88,18.66,False,Grass-Fed Beef Sliders,2810.08,1112.02,2024-11-22,22,11,2024
OD00400,ORD00154,MI013,39,27.55,16.25,False,Wild Mushroom Risotto,1074.45,440.7,2024-11-22,22,11,2024
OD00475,ORD00154,MI006,17,47.41,10.39,False,Infused Water Bar,805.97,629.34,2024-11-22,22,11,2024
OD00244,ORD00270,MI012,55,22.6,15.82,False,Mango Sticky Rice,1243.0,372.9,2024-01-09,9,1,2024
OD00474,ORD00270,MI049,37,47.14,21.19,False,Warm Bread Rolls,1744.18,960.15,2024-01-09,9,1,2024
OD00330,ORD00270,MI007,51,44.3,10.89,False,Assorted Tea Selection,2259.3,1703.91,2024-01-09,9,1,2024
OD00254,ORD00107,MI012,44,22.6,15.82,False,Mango Sticky Rice,994.4,298.32,2024-09-17,17,9,2024
OD00373,ORD00107,MI002,38,15.76,11.032,False,Crepe Station,598.88,179.66,2024-09-17,17,9,2024
OD00208,ORD00107,MI021,88,14.54,10.177999999999999,False,Organic Chicken Breast,1279.52,383.86,2024-09-17,17,9,2024
OD00315,ORD00243,MI012,42,22.6,15.82,False,Mango Sticky Rice,949.2,284.76,2024-12-11,11,12,2024
OD00132,ORD00243,MI043,45,27.77,19.439,False,Kimchi Pancakes,1249.65,374.9,2024-12-11,11,12,2024
OD00430,ORD00271,MI012,24,22.6,15.82,False,Mango Sticky Rice,542.4,162.72,2024-08-20,20,8,2024
OD00047,ORD00271,MI029,48,46.97,21.5,False,Pan-Seared Salmon,2254.56,1222.56,2024-08-20,20,8,2024
OD00438,ORD00201,MI012,76,22.6,15.82,False,Mango Sticky Rice,1717.6,515.28,2024-04-22,22,4,2024
OD00526,ORD00201,MI041,30,10.48,5.08,False,Waffle Bar,314.4,162.0,2024-04-22,22,4,2024
OD00482,ORD00201,MI029,91,46.97,21.5,False,Pan-Seared Salmon,4274.27,2317.77,2024-04-22,22,4,2024
OD00477,ORD00215,MI012,58,22.6,15.82,False,Mango Sticky Rice,1310.8,393.24,2024-05-09,9,5,2024
OD00508,ORD00110,MI012,94,22.6,15.82,False,Mango Sticky Rice,2124.4,637.32,2024-01-28,28,1,2024
OD00480,ORD00110,MI023,91,19.51,13.657,False,Assorted Dessert Bites,1775.41,532.62,2024-01-28,28,1,2024
OD00589,ORD00183,MI012,52,22.6,15.82,False,Mango Sticky Rice,1175.2,352.56,2024-05-16,16,5,2024
OD00513,ORD00183,MI048,53,31.74,9.44,False,Customizable Pasta Bar,1682.22,1181.9,2024-05-16,16,5,2024
OD00049,ORD00183,MI010,8,30.86,6.87,False,Truffle Mac & Cheese,246.88,191.92,2024-05-16,16,5,2024
OD00182,ORD00183,MI013,47,27.55,16.25,False,Wild Mushroom Risotto,1294.85,531.1,2024-05-16,16,5,2024
OD00184,ORD00183,MI017,92,35.34,3.72,False,Pork Belly Bao Buns,3251.28,2909.04,2024-05-16,16,5,2024
OD00003,ORD00109,MI008,96,12.28,8.595999999999998,False,Freshly Squeezed Orange Juice,1178.88,353.66,2024-02-10,10,2,2024
OD00384,ORD00109,MI047,67,10.49,7.343,False,Maple Glazed Carrots,702.83,210.85,2024-02-10,10,2,2024
OD00174,ORD00109,MI035,48,45.42,14.09,False,Chicken Florentine,2180.16,1503.84,2024-02-10,10,2,2024
OD00565,ORD00109,MI035,26,45.42,14.09,False,Chicken Florentine,1180.92,814.58,2024-02-10,10,2,2024
OD00004,ORD00152,MI008,62,12.28,8.595999999999998,False,Freshly Squeezed Orange Juice,761.36,228.41,2024-01-13,13,1,2024
OD00285,ORD00152,MI048,38,31.74,9.44,False,Customizable Pasta Bar,1206.12,847.4,2024-01-13,13,1,2024
OD00237,ORD00152,MI036,26,42.32,13.08,False,Smoked Salmon Crostini,1100.32,760.24,2024-01-13,13,1,2024
OD00173,ORD00152,MI037,90,19.29,6.07,False,Tuna Tartare,1736.1,1189.8,2024-01-13,13,1,2024
OD00014,ORD00051,MI008,10,12.28,8.595999999999998,False,Freshly Squeezed Orange Juice,122.8,36.84,2024-01-14,14,1,2024
OD00213,ORD00051,MI001,94,20.58,8.39,False,Gourmet Burger Station,1934.52,1145.86,2024-01-14,14,1,2024
OD00141,ORD00020,MI008,80,12.28,8.595999999999998,False,Freshly Squeezed Orange Juice,982.4,294.72,2024-12-09,9,12,2024
OD00130,ORD00020,MI028,32,30.79,17.08,False,Taco Bar,985.28,438.72,2024-12-09,9,12,2024
OD00152,ORD00020,MI005,33,17.59,12.312999999999999,False,Artisanal Cheese Platter,580.47,174.14,2024-12-09,9,12,2024
OD00319,ORD00020,MI035,17,45.42,14.09,False,Chicken Florentine,772.14,532.61,2024-12-09,9,12,2024
OD00232,ORD00174,MI008,79,12.28,8.595999999999998,False,Freshly Squeezed Orange Juice,970.12,291.04,2024-07-08,8,7,2024
OD00057,ORD00174,MI039,19,42.13,24.17,False,Sushi Rolls Assortment,800.47,341.24,2024-07-08,8,7,2024
OD00532,ORD00174,MI031,24,26.57,18.599,False,Roasted Vegetable Medley,637.68,191.3,2024-07-08,8,7,2024
OD00287,ORD00061,MI008,53,12.28,8.595999999999998,False,Freshly Squeezed Orange Juice,650.84,195.25,2024-03-21,21,3,2024
OD00204,ORD00061,MI049,93,47.14,21.19,False,Warm Bread Rolls,4384.02,2413.35,2024-03-21,21,3,2024
OD00286,ORD00061,MI009,61,40.38,6.41,False,Herb Butter,2463.18,2072.17,2024-03-21,21,3,2024
OD00558,ORD00061,MI021,87,14.54,10.177999999999999,False,Organic Chicken Breast,1264.98,379.49,2024-03-21,21,3,2024
OD00294,ORD00098,MI008,66,12.28,8.595999999999998,False,Freshly Squeezed Orange Juice,810.48,243.14,2024-01-09,9,1,2024
OD00296,ORD00098,MI038,61,47.88,10.9,False,Dairy-Free Panna Cotta,2920.68,2255.78,2024-01-09,9,1,2024
OD00304,ORD00098,MI050,42,44.42,16.47,False,Lobster Bisque Shooters,1865.64,1173.9,2024-01-09,9,1,2024
OD00326,ORD00079,MI008,31,12.28,8.595999999999998,False,Freshly Squeezed Orange Juice,380.68,114.2,2024-09-08,8,9,2024
OD00343,ORD00167,MI008,36,12.28,8.595999999999998,False,Freshly Squeezed Orange Juice,442.08,132.62,2024-02-13,13,2,2024
OD00307,ORD00167,MI029,88,46.97,21.5,False,Pan-Seared Salmon,4133.36,2241.36,2024-02-13,13,2,2024
OD00362,ORD00268,MI008,85,12.28,8.595999999999998,False,Freshly Squeezed Orange Juice,1043.8,313.14,2024-02-06,6,2,2024
OD00559,ORD00268,MI028,30,30.79,17.08,False,Taco Bar,923.7,411.3,2024-02-06,6,2,2024
OD00349,ORD00268,MI002,14,15.76,11.032,False,Crepe Station,220.64,66.19,2024-02-06,6,2,2024
OD00064,ORD00268,MI029,75,46.97,21.5,False,Pan-Seared Salmon,3522.75,1910.25,2024-02-06,6,2,2024
OD00517,ORD00268,MI035,14,45.42,14.09,False,Chicken Florentine,635.88,438.62,2024-02-06,6,2,2024
OD00389,ORD00260,MI008,68,12.28,8.595999999999998,False,Freshly Squeezed Orange Juice,835.04,250.51,2024-05-23,23,5,2024
OD00149,ORD00260,MI049,30,47.14,21.19,False,Warm Bread Rolls,1414.2,778.5,2024-05-23,23,5,2024
OD00193,ORD00260,MI049,97,47.14,21.19,False,Warm Bread Rolls,4572.58,2517.15,2024-05-23,23,5,2024
OD00375,ORD00260,MI017,97,35.34,3.72,False,Pork Belly Bao Buns,3427.98,3067.14,2024-05-23,23,5,2024
OD00223,ORD00260,MI035,72,45.42,14.09,False,Chicken Florentine,3270.24,2255.76,2024-05-23,23,5,2024
OD00546,ORD00260,MI034,83,11.26,7.882,False,Beef Tenderloin with Au Jus,934.58,280.37,2024-05-23,23,5,2024
OD00413,ORD00286,MI008,53,12.28,8.595999999999998,False,Freshly Squeezed Orange Juice,650.84,195.25,2024-09-10,10,9,2024
OD00494,ORD00286,MI033,94,32.29,17.04,False,Green Tea Mochi,3035.26,1433.5,2024-09-10,10,9,2024
OD00428,ORD00108,MI008,78,12.28,8.595999999999998,False,Freshly Squeezed Orange Juice,957.84,287.35,2024-08-18,18,8,2024
OD00102,ORD00108,MI003,25,27.94,2.01,False,Lemon Meringue Tart,698.5,648.25,2024-08-18,18,8,2024
OD00600,ORD00108,MI016,19,33.26,5.93,False,Asparagus with Hollandaise,631.94,519.27,2024-08-18,18,8,2024
OD00453,ORD00142,MI008,31,12.28,8.595999999999998,False,Freshly Squeezed Orange Juice,380.68,114.2,2024-08-28,28,8,2024
OD00567,ORD00142,MI049,52,47.14,21.19,False,Warm Bread Rolls,2451.28,1349.4,2024-08-28,28,8,2024
OD00270,ORD00142,MI015,19,29.29,11.9,False,Spinach and Berry Salad,556.51,330.41,2024-08-28,28,8,2024
OD00498,ORD00142,MI017,21,35.34,3.72,False,Pork Belly Bao Buns,742.14,664.02,2024-08-28,28,8,2024
OD00466,ORD00142,MI034,23,11.26,7.882,False,Beef Tenderloin with Au Jus,258.98,77.69,2024-08-28,28,8,2024
OD00549,ORD00194,MI008,77,12.28,8.595999999999998,False,Freshly Squeezed Orange Juice,945.56,283.67,2024-08-20,20,8,2024
OD00005,ORD00017,MI045,80,8.6,6.02,False,Sparkling Elderflower Spritzer,688.0,206.4,2024-05-29,29,5,2024
OD00586,ORD00017,MI047,36,10.49,7.343,False,Maple Glazed Carrots,377.64,113.29,2024-05-29,29,5,2024
OD00293,ORD00017,MI032,57,19.12,11.31,False,Gourmet Coffee Station,1089.84,445.17,2024-05-29,29,5,2024
OD00020,ORD00111,MI045,11,8.6,6.02,False,Sparkling Elderflower Spritzer,94.6,28.38,2024-05-14,14,5,2024
OD00106,ORD00111,MI041,42,10.48,5.08,False,Waffle Bar,440.16,226.8,2024-05-14,14,5,2024
OD00139,ORD00111,MI038,94,47.88,10.9,False,Dairy-Free Panna Cotta,4500.72,3476.12,2024-05-14,14,5,2024
OD00077,ORD00086,MI045,32,8.6,6.02,False,Sparkling Elderflower Spritzer,275.2,82.56,2024-02-22,22,2,2024
OD00291,ORD00086,MI049,73,47.14,21.19,False,Warm Bread Rolls,3441.22,1894.35,2024-02-22,22,2,2024
OD00509,ORD00086,MI037,88,19.29,6.07,False,Tuna Tartare,1697.52,1163.36,2024-02-22,22,2,2024
OD00122,ORD00086,MI001,48,20.58,8.39,False,Gourmet Burger Station,987.84,585.12,2024-02-22,22,2,2024
OD00282,ORD00086,MI007,28,44.3,10.89,False,Assorted Tea Selection,1240.4,935.48,2024-02-22,22,2,2024
OD00308,ORD00086,MI022,7,41.84,16.22,False,Garlic Mashed Potatoes,292.88,179.34,2024-02-22,22,2,2024
OD00094,ORD00184,MI045,79,8.6,6.02,False,Sparkling Elderflower Spritzer,679.4,203.82,2024-11-13,13,11,2024
OD00253,ORD00184,MI046,30,39.95,6.36,False,Caprese Skewers,1198.5,1007.7,2024-11-13,13,11,2024
OD00150,ORD00188,MI045,10,8.6,6.02,False,Sparkling Elderflower Spritzer,86.0,25.8,2024-08-21,21,8,2024
OD00233,ORD00188,MI028,45,30.79,17.08,False,Taco Bar,1385.55,616.95,2024-08-21,21,8,2024
OD00170,ORD00188,MI037,92,19.29,6.07,False,Tuna Tartare,1774.68,1216.24,2024-08-21,21,8,2024
OD00157,ORD00221,MI045,70,8.6,6.02,False,Sparkling Elderflower Spritzer,602.0,180.6,2024-09-03,3,9,2024
OD00185,ORD00146,MI045,46,8.6,6.02,False,Sparkling Elderflower Spritzer,395.6,118.68,2024-08-18,18,8,2024
OD00196,ORD00047,MI045,49,8.6,6.02,False,Sparkling Elderflower Spritzer,421.4,126.42,2024-06-15,15,6,2024
OD00198,ORD00047,MI023,13,19.51,13.657,False,Assorted Dessert Bites,253.63,76.09,2024-06-15,15,6,2024
OD00357,ORD00047,MI030,69,30.88,18.66,False,Grass-Fed Beef Sliders,2130.72,843.18,2024-06-15,15,6,2024
OD00533,ORD00047,MI002,95,15.76,11.032,False,Crepe Station,1497.2,449.16,2024-06-15,15,6,2024
OD00437,ORD00047,MI041,61,10.48,5.08,False,Waffle Bar,639.28,329.4,2024-06-15,15,6,2024
OD00203,ORD00090,MI045,36,8.6,6.02,False,Sparkling Elderflower Spritzer,309.6,92.88,2024-07-06,6,7,2024
OD00124,ORD00090,MI047,85,10.49,7.343,False,Maple Glazed Carrots,891.65,267.5,2024-07-06,6,7,2024
OD00577,ORD00090,MI002,53,15.76,11.032,False,Crepe Station,835.28,250.58,2024-07-06,6,7,2024
OD00222,ORD00090,MI017,86,35.34,3.72,False,Pork Belly Bao Buns,3039.24,2719.32,2024-07-06,6,7,2024
OD00242,ORD00163,MI045,15,8.6,6.02,False,Sparkling Elderflower Spritzer,129.0,38.7,2024-05-13,13,5,2024
OD00419,ORD00163,MI028,84,30.79,17.08,False,Taco Bar,2586.36,1151.64,2024-05-13,13,5,2024
OD00283,ORD00289,MI045,8,8.6,6.02,False,Sparkling Elderflower Spritzer,68.8,20.64,2024-04-08,8,4,2024
OD00431,ORD00289,MI031,99,26.57,18.599,False,Roasted Vegetable Medley,2630.43,789.13,2024-04-08,8,4,2024
OD00288,ORD00028,MI045,91,8.6,6.02,False,Sparkling Elderflower Spritzer,782.6,234.78,2024-08-23,23,8,2024
OD00545,ORD00028,MI045,10,8.6,6.02,False,Sparkling Elderflower Spritzer,86.0,25.8,2024-08-23,23,8,2024
OD00013,ORD00028,MI005,41,17.59,12.312999999999999,False,Artisanal Cheese Platter,721.19,216.36,2024-08-23,23,8,2024
OD00366,ORD00114,MI045,43,8.6,6.02,False,Sparkling Elderflower Spritzer,369.8,110.94,2024-09-24,24,9,2024
OD00052,ORD00114,MI013,9,27.55,16.25,False,Wild Mushroom Risotto,247.95,101.7,2024-09-24,24,9,2024
OD00369,ORD00129,MI045,27,8.6,6.02,False,Sparkling Elderflower Spritzer,232.2,69.66,2024-01-05,5,1,2024
OD00382,ORD00129,MI026,7,15.06,7.08,True,Spicy Shrimp Skewers,105.42,55.86,2024-01-05,5,1,2024
OD00227,ORD00129,MI024,30,6.03,4.221,False,Prosciutto-Wrapped Melon,180.9,54.27,2024-01-05,5,1,2024
OD00111,ORD00129,MI032,82,19.12,11.31,False,Gourmet Coffee Station,1567.84,640.42,2024-01-05,5,1,2024
OD00542,ORD00157,MI045,38,8.6,6.02,False,Sparkling Elderflower Spritzer,326.8,98.04,2024-03-26,26,3,2024
OD00544,ORD00132,MI045,71,8.6,6.02,False,Sparkling Elderflower Spritzer,610.6,183.18,2024-12-24,24,12,2024
OD00140,ORD00132,MI005,66,17.59,12.312999999999999,False,Artisanal Cheese Platter,1160.94,348.28,2024-12-24,24,12,2024
OD00138,ORD00132,MI049,63,47.14,21.19,False,Warm Bread Rolls,2969.82,1634.85,2024-12-24,24,12,2024
OD00007,ORD00148,MI048,57,31.74,9.44,False,Customizable Pasta Bar,1809.18,1271.1,2024-05-22,22,5,2024
OD00439,ORD00148,MI049,11,47.14,21.19,False,Warm Bread Rolls,518.54,285.45,2024-05-22,22,5,2024
OD00266,ORD00148,MI011,50,30.5,13.15,False,Mediterranean Mezze,1525.0,867.5,2024-05-22,22,5,2024
OD00194,ORD00148,MI013,71,27.55,16.25,False,Wild Mushroom Risotto,1956.05,802.3,2024-05-22,22,5,2024
OD00110,ORD00072,MI048,86,31.74,9.44,False,Customizable Pasta Bar,2729.64,1917.8,2024-06-10,10,6,2024
OD00552,ORD00072,MI018,63,28.96,20.0,False,Duck Confit Tacos,1824.48,564.48,2024-06-10,10,6,2024
OD00355,ORD00072,MI014,29,22.87,8.84,False,Spicy Edamame,663.23,406.87,2024-06-10,10,6,2024
OD00187,ORD00113,MI048,59,31.74,9.44,False,Customizable Pasta Bar,1872.66,1315.7,2024-11-23,23,11,2024
OD00058,ORD00113,MI028,36,30.79,17.08,False,Taco Bar,1108.44,493.56,2024-11-23,23,11,2024
OD00183,ORD00113,MI047,89,10.49,7.343,False,Maple Glazed Carrots,933.61,280.08,2024-11-23,23,11,2024
OD00209,ORD00113,MI044,24,15.46,10.822,False,Miniature Crab Cakes,371.04,111.31,2024-11-23,23,11,2024
OD00259,ORD00178,MI048,27,31.74,9.44,False,Customizable Pasta Bar,856.98,602.1,2024-04-25,25,4,2024
OD00279,ORD00178,MI047,40,10.49,7.343,False,Maple Glazed Carrots,419.6,125.88,2024-04-25,25,4,2024
OD00346,ORD00178,MI001,13,20.58,8.39,False,Gourmet Burger Station,267.54,158.47,2024-04-25,25,4,2024
OD00476,ORD00102,MI048,88,31.74,9.44,False,Customizable Pasta Bar,2793.12,1962.4,2024-03-03,3,3,2024
OD00390,ORD00102,MI023,69,19.51,13.657,False,Assorted Dessert Bites,1346.19,403.86,2024-03-03,3,3,2024
OD00519,ORD00267,MI048,39,31.74,9.44,False,Customizable Pasta Bar,1237.86,869.7,2024-05-19,19,5,2024
OD00593,ORD00267,MI025,31,11.92,7.35,False,Gourmet Mini Quiches,369.52,141.67,2024-05-19,19,5,2024
OD00348,ORD00267,MI035,15,45.42,14.09,False,Chicken Florentine,681.3,469.95,2024-05-19,19,5,2024
OD00008,ORD00277,MI033,46,32.29,17.04,False,Green Tea Mochi,1485.34,701.5,2024-05-31,31,5,2024
OD00414,ORD00277,MI020,44,11.36,6.09,False,Vegan Bolognese,499.84,231.88,2024-05-31,31,5,2024
OD00587,ORD00277,MI038,36,47.88,10.9,False,Dairy-Free Panna Cotta,1723.68,1331.28,2024-05-31,31,5,2024
OD00318,ORD00277,MI024,73,6.03,4.221,False,Prosciutto-Wrapped Melon,440.19,132.06,2024-05-31,31,5,2024
OD00031,ORD00119,MI033,79,32.29,17.04,False,Green Tea Mochi,2550.91,1204.75,2024-10-19,19,10,2024
OD00062,ORD00119,MI027,63,48.08,6.0,False,Chocolate Lava Cake,3029.04,2651.04,2024-10-19,19,10,2024
OD00154,ORD00119,MI024,21,6.03,4.221,False,Prosciutto-Wrapped Melon,126.63,37.99,2024-10-19,19,10,2024
OD00041,ORD00160,MI033,33,32.29,17.04,False,Green Tea Mochi,1065.57,503.25,2024-06-18,18,6,2024
OD00263,ORD00160,MI006,12,47.41,10.39,False,Infused Water Bar,568.92,444.24,2024-06-18,18,6,2024
OD00113,ORD00003,MI033,50,32.29,17.04,False,Green Tea Mochi,1614.5,762.5,2024-09-27,27,9,2024
OD00159,ORD00003,MI026,12,15.06,7.08,True,Spicy Shrimp Skewers,180.72,95.76,2024-09-27,27,9,2024
OD00095,ORD00003,MI009,58,40.38,6.41,False,Herb Butter,2342.04,1970.26,2024-09-27,27,9,2024
OD00267,ORD00143,MI033,32,32.29,17.04,False,Green Tea Mochi,1033.28,488.0,2024-02-21,21,2,2024
OD00448,ORD00143,MI038,76,47.88,10.9,False,Dairy-Free Panna Cotta,3638.88,2810.48,2024-02-21,21,2,2024
OD00323,ORD00143,MI035,34,45.42,14.09,False,Chicken Florentine,1544.28,1065.22,2024-02-21,21,2,2024
OD00292,ORD00177,MI033,99,32.29,17.04,False,Green Tea Mochi,3196.71,1509.75,2024-04-30,30,4,2024
OD00570,ORD00177,MI047,34,10.49,7.343,False,Maple Glazed Carrots,356.66,107.0,2024-04-30,30,4,2024
OD00483,ORD00284,MI033,23,32.29,17.04,False,Green Tea Mochi,742.67,350.75,2024-04-13,13,4,2024
OD00333,ORD00284,MI003,26,27.94,2.01,False,Lemon Meringue Tart,726.44,674.18,2024-04-13,13,4,2024
OD00540,ORD00038,MI033,34,32.29,17.04,False,Green Tea Mochi,1097.86,518.5,2024-12-29,29,12,2024
OD00465,ORD00038,MI027,54,48.08,6.0,False,Chocolate Lava Cake,2596.32,2272.32,2024-12-29,29,12,2024
OD00019,ORD00038,MI030,62,30.88,18.66,False,Grass-Fed Beef Sliders,1914.56,757.64,2024-12-29,29,12,2024
OD00148,ORD00038,MI004,86,42.14,2.41,False,Fresh Fruit Platter,3624.04,3416.78,2024-12-29,29,12,2024
OD00010,ORD00228,MI026,51,15.06,7.08,True,Spicy Shrimp Skewers,768.06,406.98,2024-10-06,6,10,2024
OD00252,ORD00228,MI041,75,10.48,5.08,False,Waffle Bar,786.0,405.0,2024-10-06,6,10,2024
OD00181,ORD00228,MI029,46,46.97,21.5,False,Pan-Seared Salmon,2160.62,1171.62,2024-10-06,6,10,2024
OD00079,ORD00235,MI026,69,15.06,7.08,True,Spicy Shrimp Skewers,1039.14,550.62,2024-07-19,19,7,2024
OD00258,ORD00196,MI026,8,15.06,7.08,True,Spicy Shrimp Skewers,120.48,63.84,2024-04-22,22,4,2024
OD00281,ORD00196,MI004,28,42.14,2.41,False,Fresh Fruit Platter,1179.92,1112.44,2024-04-22,22,4,2024
OD00398,ORD00196,MI041,87,10.48,5.08,False,Waffle Bar,911.76,469.8,2024-04-22,22,4,2024
OD00503,ORD00196,MI009,32,40.38,6.41,False,Herb Butter,1292.16,1087.04,2024-04-22,22,4,2024
OD00327,ORD00214,MI026,55,15.06,7.08,True,Spicy Shrimp Skewers,828.3,438.9,2024-05-05,5,5,2024
OD00322,ORD00214,MI047,54,10.49,7.343,False,Maple Glazed Carrots,566.46,169.94,2024-05-05,5,5,2024
OD00555,ORD00214,MI006,33,47.41,10.39,False,Infused Water Bar,1564.53,1221.66,2024-05-05,5,5,2024
OD00444,ORD00191,MI026,87,15.06,7.08,True,Spicy Shrimp Skewers,1310.22,694.26,2024-11-10,10,11,2024
OD00096,ORD00191,MI038,37,47.88,10.9,False,Dairy-Free Panna Cotta,1771.56,1368.26,2024-11-10,10,11,2024
OD00449,ORD00191,MI017,16,35.34,3.72,False,Pork Belly Bao Buns,565.44,505.92,2024-11-10,10,11,2024
OD00481,ORD00275,MI026,18,15.06,7.08,True,Spicy Shrimp Skewers,271.08,143.64,2024-07-26,26,7,2024
OD00491,ORD00275,MI043,78,27.77,19.439,False,Kimchi Pancakes,2166.06,649.82,2024-07-26,26,7,2024
OD00377,ORD00275,MI042,17,26.52,11.63,False,Gluten-Free Brownies,450.84,253.13,2024-07-26,26,7,2024
OD00595,ORD00127,MI026,54,15.06,7.08,True,Spicy Shrimp Skewers,813.24,430.92,2024-05-10,10,5,2024
OD00511,ORD00127,MI017,53,35.34,3.72,False,Pork Belly Bao Buns,1873.02,1675.86,2024-05-10,10,5,2024
OD00262,ORD00127,MI032,97,19.12,11.31,False,Gourmet Coffee Station,1854.64,757.57,2024-05-10,10,5,2024
OD00011,ORD00139,MI039,98,42.13,24.17,False,Sushi Rolls Assortment,4128.74,1760.08,2024-03-03,3,3,2024
OD00429,ORD00139,MI018,93,28.96,20.0,False,Duck Confit Tacos,2693.28,833.28,2024-03-03,3,3,2024
OD00045,ORD00011,MI039,83,42.13,24.17,False,Sushi Rolls Assortment,3496.79,1490.68,2024-11-26,26,11,2024
OD00115,ORD00224,MI039,99,42.13,24.17,False,Sushi Rolls Assortment,4170.87,1778.04,2024-07-02,2,7,2024
OD00074,ORD00224,MI035,76,45.42,14.09,False,Chicken Florentine,3451.92,2381.08,2024-07-02,2,7,2024
OD00211,ORD00118,MI039,39,42.13,24.17,False,Sushi Rolls Assortment,1643.07,700.44,2024-08-03,3,8,2024
OD00190,ORD00118,MI005,95,17.59,12.312999999999999,False,Artisanal Cheese Platter,1671.05,501.32,2024-08-03,3,8,2024
OD00097,ORD00118,MI030,54,30.88,18.66,False,Grass-Fed Beef Sliders,1667.52,659.88,2024-08-03,3,8,2024
OD00230,ORD00297,MI039,14,42.13,24.17,False,Sushi Rolls Assortment,589.82,251.44,2024-06-17,17,6,2024
OD00352,ORD00297,MI009,72,40.38,6.41,False,Herb Butter,2907.36,2445.84,2024-06-17,17,6,2024
OD00247,ORD00106,MI039,30,42.13,24.17,False,Sushi Rolls Assortment,1263.9,538.8,2024-10-15,15,10,2024
OD00581,ORD00106,MI014,5,22.87,8.84,False,Spicy Edamame,114.35,70.15,2024-10-15,15,10,2024
OD00240,ORD00106,MI034,72,11.26,7.882,False,Beef Tenderloin with Au Jus,810.72,243.22,2024-10-15,15,10,2024
OD00387,ORD00269,MI039,51,42.13,24.17,False,Sushi Rolls Assortment,2148.63,915.96,2024-06-08,8,6,2024
OD00082,ORD00269,MI049,56,47.14,21.19,False,Warm Bread Rolls,2639.84,1453.2,2024-06-08,8,6,2024
OD00039,ORD00269,MI020,8,11.36,6.09,False,Vegan Bolognese,90.88,42.16,2024-06-08,8,6,2024
OD00394,ORD00128,MI039,19,42.13,24.17,False,Sushi Rolls Assortment,800.47,341.24,2024-09-13,13,9,2024
OD00443,ORD00128,MI029,20,46.97,21.5,False,Pan-Seared Salmon,939.4,509.4,2024-09-13,13,9,2024
OD00104,ORD00128,MI044,73,15.46,10.822,False,Miniature Crab Cakes,1128.58,338.57,2024-09-13,13,9,2024
OD00395,ORD00283,MI039,36,42.13,24.17,False,Sushi Rolls Assortment,1516.68,646.56,2024-04-22,22,4,2024
OD00562,ORD00283,MI036,57,42.32,13.08,False,Smoked Salmon Crostini,2412.24,1666.68,2024-04-22,22,4,2024
OD00365,ORD00283,MI013,19,27.55,16.25,False,Wild Mushroom Risotto,523.45,214.7,2024-04-22,22,4,2024
OD00086,ORD00283,MI024,61,6.03,4.221,False,Prosciutto-Wrapped Melon,367.83,110.35,2024-04-22,22,4,2024
OD00514,ORD00016,MI039,80,42.13,24.17,False,Sushi Rolls Assortment,3370.4,1436.8,2024-05-10,10,5,2024
OD00381,ORD00016,MI002,56,15.76,11.032,False,Crepe Station,882.56,264.77,2024-05-10,10,5,2024
OD00012,ORD00211,MI028,38,30.79,17.08,False,Taco Bar,1170.02,520.98,2024-12-08,8,12,2024
OD00135,ORD00211,MI027,52,48.08,6.0,False,Chocolate Lava Cake,2500.16,2188.16,2024-12-08,8,12,2024
OD00406,ORD00211,MI031,65,26.57,18.599,False,Roasted Vegetable Medley,1727.05,518.12,2024-12-08,8,12,2024
OD00172,ORD00211,MI042,97,26.52,11.63,False,Gluten-Free Brownies,2572.44,1444.33,2024-12-08,8,12,2024
OD00037,ORD00140,MI028,90,30.79,17.08,False,Taco Bar,2771.1,1233.9,2024-12-17,17,12,2024
OD00088,ORD00095,MI028,35,30.79,17.08,False,Taco Bar,1077.65,479.85,2024-03-05,5,3,2024
OD00117,ORD00231,MI028,7,30.79,17.08,False,Taco Bar,215.53,95.97,2024-07-16,16,7,2024
OD00225,ORD00231,MI040,5,34.98,7.72,False,Quinoa Salad,174.9,136.3,2024-07-16,16,7,2024
OD00214,ORD00245,MI028,82,30.79,17.08,False,Taco Bar,2524.78,1124.22,2024-05-27,27,5,2024
OD00579,ORD00245,MI017,40,35.34,3.72,False,Pork Belly Bao Buns,1413.6,1264.8,2024-05-27,27,5,2024
OD00248,ORD00217,MI028,23,30.79,17.08,False,Taco Bar,708.17,315.33,2024-06-20,20,6,2024
OD00030,ORD00217,MI030,36,30.88,18.66,False,Grass-Fed Beef Sliders,1111.68,439.92,2024-06-20,20,6,2024
OD00278,ORD00161,MI028,65,30.79,17.08,False,Taco Bar,2001.35,891.15,2024-02-14,14,2,2024
OD00191,ORD00161,MI037,26,19.29,6.07,False,Tuna Tartare,501.54,343.72,2024-02-14,14,2,2024
OD00496,ORD00161,MI044,33,15.46,10.822,False,Miniature Crab Cakes,510.18,153.05,2024-02-14,14,2,2024
OD00459,ORD00225,MI028,32,30.79,17.08,False,Taco Bar,985.28,438.72,2024-05-02,2,5,2024
OD00515,ORD00062,MI028,75,30.79,17.08,False,Taco Bar,2309.25,1028.25,2024-02-19,19,2,2024
OD00554,ORD00262,MI028,6,30.79,17.08,False,Taco Bar,184.74,82.26,2024-04-21,21,4,2024
OD00342,ORD00262,MI040,78,34.98,7.72,False,Quinoa Salad,2728.44,2126.28,2024-04-21,21,4,2024
OD00560,ORD00262,MI040,93,34.98,7.72,False,Quinoa Salad,3253.14,2535.18,2024-04-21,21,4,2024
OD00599,ORD00168,MI028,32,30.79,17.08,False,Taco Bar,985.28,438.72,2024-12-05,5,12,2024
OD00331,ORD00168,MI030,43,30.88,18.66,False,Grass-Fed Beef Sliders,1327.84,525.46,2024-12-05,5,12,2024
OD00234,ORD00057,MI005,9,17.59,12.312999999999999,False,Artisanal Cheese Platter,158.31,47.49,2024-04-01,1,4,2024
OD00302,ORD00057,MI031,44,26.57,18.599,False,Roasted Vegetable Medley,1169.08,350.72,2024-04-01,1,4,2024
OD00151,ORD00057,MI050,8,44.42,16.47,False,Lobster Bisque Shooters,355.36,223.6,2024-04-01,1,4,2024
OD00249,ORD00205,MI005,64,17.59,12.312999999999999,False,Artisanal Cheese Platter,1125.76,337.73,2024-07-05,5,7,2024
OD00298,ORD00005,MI005,58,17.59,12.312999999999999,False,Artisanal Cheese Platter,1020.22,306.07,2024-03-12,12,3,2024
OD00344,ORD00279,MI005,63,17.59,12.312999999999999,False,Artisanal Cheese Platter,1108.17,332.45,2024-04-29,29,4,2024
OD00424,ORD00279,MI030,23,30.88,18.66,False,Grass-Fed Beef Sliders,710.24,281.06,2024-04-29,29,4,2024
OD00456,ORD00207,MI005,10,17.59,12.312999999999999,False,Artisanal Cheese Platter,175.9,52.77,2024-01-02,2,1,2024
OD00015,ORD00261,MI025,11,11.92,7.35,False,Gourmet Mini Quiches,131.12,50.27,2024-12-11,11,12,2024
OD00016,ORD00261,MI027,29,48.08,6.0,False,Chocolate Lava Cake,1394.32,1220.32,2024-12-11,11,12,2024
OD00112,ORD00261,MI036,78,42.32,13.08,False,Smoked Salmon Crostini,3300.96,2280.72,2024-12-11,11,12,2024
OD00220,ORD00261,MI011,57,30.5,13.15,False,Mediterranean Mezze,1738.5,988.95,2024-12-11,11,12,2024
OD00084,ORD00029,MI025,58,11.92,7.35,False,Gourmet Mini Quiches,691.36,265.06,2024-12-10,10,12,2024
OD00336,ORD00248,MI025,25,11.92,7.35,False,Gourmet Mini Quiches,298.0,114.25,2024-11-03,3,11,2024
OD00264,ORD00248,MI036,45,42.32,13.08,False,Smoked Salmon Crostini,1904.4,1315.8,2024-11-03,3,11,2024
OD00435,ORD00248,MI034,6,11.26,7.882,False,Beef Tenderloin with Au Jus,67.56,20.27,2024-11-03,3,11,2024
OD00416,ORD00248,MI050,69,44.42,16.47,False,Lobster Bisque Shooters,3064.98,1928.55,2024-11-03,3,11,2024
OD00404,ORD00265,MI025,18,11.92,7.35,False,Gourmet Mini Quiches,214.56,82.26,2024-10-30,30,10,2024
OD00583,ORD00265,MI035,40,45.42,14.09,False,Chicken Florentine,1816.8,1253.2,2024-10-30,30,10,2024
OD00495,ORD00265,MI024,66,6.03,4.221,False,Prosciutto-Wrapped Melon,397.98,119.39,2024-10-30,30,10,2024
OD00485,ORD00206,MI025,97,11.92,7.35,False,Gourmet Mini Quiches,1156.24,443.29,2024-04-22,22,4,2024
OD00501,ORD00222,MI025,62,11.92,7.35,False,Gourmet Mini Quiches,739.04,283.34,2024-11-19,19,11,2024
OD00061,ORD00222,MI006,21,47.41,10.39,False,Infused Water Bar,995.61,777.42,2024-11-19,19,11,2024
OD00584,ORD00037,MI025,77,11.92,7.35,False,Gourmet Mini Quiches,917.84,351.89,2024-02-20,20,2,2024
OD00160,ORD00216,MI027,17,48.08,6.0,False,Chocolate Lava Cake,817.36,715.36,2024-02-22,22,2,2024
OD00528,ORD00216,MI018,59,28.96,20.0,False,Duck Confit Tacos,1708.64,528.64,2024-02-22,22,2,2024
OD00409,ORD00216,MI032,63,19.12,11.31,False,Gourmet Coffee Station,1204.56,492.03,2024-02-22,22,2,2024
OD00163,ORD00055,MI027,98,48.08,6.0,False,Chocolate Lava Cake,4711.84,4123.84,2024-02-22,22,2,2024
OD00356,ORD00055,MI004,25,42.14,2.41,False,Fresh Fruit Platter,1053.5,993.25,2024-02-22,22,2,2024
OD00239,ORD00213,MI027,97,48.08,6.0,False,Chocolate Lava Cake,4663.76,4081.76,2024-08-12,12,8,2024
OD00085,ORD00213,MI023,64,19.51,13.657,False,Assorted Dessert Bites,1248.64,374.59,2024-08-12,12,8,2024
OD00408,ORD00213,MI023,92,19.51,13.657,False,Assorted Dessert Bites,1794.92,538.48,2024-08-12,12,8,2024
OD00054,ORD00213,MI014,88,22.87,8.84,False,Spicy Edamame,2012.56,1234.64,2024-08-12,12,8,2024
OD00325,ORD00213,MI050,29,44.42,16.47,False,Lobster Bisque Shooters,1288.18,810.55,2024-08-12,12,8,2024
OD00271,ORD00165,MI027,41,48.08,6.0,False,Chocolate Lava Cake,1971.28,1725.28,2024-01-28,28,1,2024
OD00392,ORD00059,MI027,71,48.08,6.0,False,Chocolate Lava Cake,3413.68,2987.68,2024-02-04,4,2,2024
OD00311,ORD00059,MI010,51,30.86,6.87,False,Truffle Mac & Cheese,1573.86,1223.49,2024-02-04,4,2,2024
OD00588,ORD00059,MI017,10,35.34,3.72,False,Pork Belly Bao Buns,353.4,316.2,2024-02-04,4,2,2024
OD00484,ORD00173,MI027,58,48.08,6.0,False,Chocolate Lava Cake,2788.64,2440.64,2024-08-18,18,8,2024
OD00180,ORD00173,MI049,32,47.14,21.19,False,Warm Bread Rolls,1508.48,830.4,2024-08-18,18,8,2024
OD00161,ORD00229,MI046,12,39.95,6.36,False,Caprese Skewers,479.4,403.08,2024-11-20,20,11,2024
OD00105,ORD00229,MI015,10,29.29,11.9,False,Spinach and Berry Salad,292.9,173.9,2024-11-20,20,11,2024
OD00206,ORD00050,MI046,75,39.95,6.36,False,Caprese Skewers,2996.25,2519.25,2024-11-11,11,11,2024
OD00521,ORD00050,MI014,6,22.87,8.84,False,Spicy Edamame,137.22,84.18,2024-11-11,11,11,2024
OD00087,ORD00050,MI038,51,47.88,10.9,False,Dairy-Free Panna Cotta,2441.88,1885.98,2024-11-11,11,11,2024
OD00301,ORD00112,MI046,14,39.95,6.36,False,Caprese Skewers,559.3,470.26,2024-07-19,19,7,2024
OD00120,ORD00112,MI004,97,42.14,2.41,False,Fresh Fruit Platter,4087.58,3853.81,2024-07-19,19,7,2024
OD00354,ORD00085,MI046,56,39.95,6.36,False,Caprese Skewers,2237.2,1881.04,2024-12-03,3,12,2024
OD00420,ORD00180,MI046,10,39.95,6.36,False,Caprese Skewers,399.5,335.9,2024-09-15,15,9,2024
OD00018,ORD00138,MI023,59,19.51,13.657,False,Assorted Dessert Bites,1151.09,345.33,2024-06-27,27,6,2024
OD00205,ORD00138,MI021,97,14.54,10.177999999999999,False,Organic Chicken Breast,1410.38,423.11,2024-06-27,27,6,2024
OD00312,ORD00138,MI042,72,26.52,11.63,False,Gluten-Free Brownies,1909.44,1072.08,2024-06-27,27,6,2024
OD00022,ORD00223,MI023,16,19.51,13.657,False,Assorted Dessert Bites,312.16,93.65,2024-07-21,21,7,2024
OD00133,ORD00223,MI047,20,10.49,7.343,False,Maple Glazed Carrots,209.8,62.94,2024-07-21,21,7,2024
OD00391,ORD00223,MI014,85,22.87,8.84,False,Spicy Edamame,1943.95,1192.55,2024-07-21,21,7,2024
OD00107,ORD00136,MI023,66,19.51,13.657,False,Assorted Dessert Bites,1287.66,386.3,2024-12-11,11,12,2024
OD00023,ORD00136,MI049,20,47.14,21.19,False,Warm Bread Rolls,942.8,519.0,2024-12-11,11,12,2024
OD00575,ORD00136,MI038,72,47.88,10.9,False,Dairy-Free Panna Cotta,3447.36,2662.56,2024-12-11,11,12,2024
OD00563,ORD00136,MI021,83,14.54,10.177999999999999,False,Organic Chicken Breast,1206.82,362.05,2024-12-11,11,12,2024
OD00175,ORD00076,MI023,13,19.51,13.657,False,Assorted Dessert Bites,253.63,76.09,2024-10-30,30,10,2024
OD00412,ORD00076,MI036,10,42.32,13.08,False,Smoked Salmon Crostini,423.2,292.4,2024-10-30,30,10,2024
OD00531,ORD00076,MI036,33,42.32,13.08,False,Smoked Salmon Crostini,1396.56,964.92,2024-10-30,30,10,2024
OD00547,ORD00076,MI009,31,40.38,6.41,False,Herb Butter,1251.78,1053.07,2024-10-30,30,10,2024
OD00309,ORD00076,MI043,55,27.77,19.439,False,Kimchi Pancakes,1527.35,458.2,2024-10-30,30,10,2024
OD00427,ORD00273,MI023,47,19.51,13.657,False,Assorted Dessert Bites,916.97,275.09,2024-05-26,26,5,2024
OD00153,ORD00273,MI030,63,30.88,18.66,False,Grass-Fed Beef Sliders,1945.44,769.86,2024-05-26,26,5,2024
OD00048,ORD00273,MI041,94,10.48,5.08,False,Waffle Bar,985.12,507.6,2024-05-26,26,5,2024
OD00488,ORD00251,MI023,28,19.51,13.657,False,Assorted Dessert Bites,546.28,163.88,2024-12-03,3,12,2024
OD00189,ORD00251,MI004,52,42.14,2.41,False,Fresh Fruit Platter,2191.28,2065.96,2024-12-03,3,12,2024
OD00461,ORD00251,MI001,73,20.58,8.39,False,Gourmet Burger Station,1502.34,889.87,2024-12-03,3,12,2024
OD00188,ORD00251,MI022,76,41.84,16.22,False,Garlic Mashed Potatoes,3179.84,1947.12,2024-12-03,3,12,2024
OD00543,ORD00179,MI023,26,19.51,13.657,False,Assorted Dessert Bites,507.26,152.18,2024-08-20,20,8,2024
OD00168,ORD00082,MI030,63,30.88,18.66,False,Grass-Fed Beef Sliders,1945.44,769.86,2024-07-31,31,7,2024
OD00273,ORD00082,MI050,71,44.42,16.47,False,Lobster Bisque Shooters,3153.82,1984.45,2024-07-31,31,7,2024
OD00321,ORD00068,MI030,62,30.88,18.66,False,Grass-Fed Beef Sliders,1914.56,757.64,2024-11-05,5,11,2024
OD00504,ORD00068,MI021,66,14.54,10.177999999999999,False,Organic Chicken Breast,959.64,287.89,2024-11-05,5,11,2024
OD00502,ORD00041,MI030,73,30.88,18.66,False,Grass-Fed Beef Sliders,2254.24,892.06,2024-11-15,15,11,2024
OD00422,ORD00041,MI015,68,29.29,11.9,False,Spinach and Berry Salad,1991.72,1182.52,2024-11-15,15,11,2024
OD00585,ORD00041,MI003,50,27.94,2.01,False,Lemon Meringue Tart,1397.0,1296.5,2024-11-15,15,11,2024
OD00590,ORD00041,MI024,42,6.03,4.221,False,Prosciutto-Wrapped Melon,253.26,75.98,2024-11-15,15,11,2024
OD00021,ORD00220,MI047,61,10.49,7.343,False,Maple Glazed Carrots,639.89,191.97,2024-07-16,16,7,2024
OD00243,ORD00220,MI047,60,10.49,7.343,False,Maple Glazed Carrots,629.4,188.82,2024-07-16,16,7,2024
OD00241,ORD00220,MI011,73,30.5,13.15,False,Mediterranean Mezze,2226.5,1266.55,2024-07-16,16,7,2024
OD00368,ORD00220,MI034,5,11.26,7.882,False,Beef Tenderloin with Au Jus,56.3,16.89,2024-07-16,16,7,2024
OD00024,ORD00256,MI047,84,10.49,7.343,False,Maple Glazed Carrots,881.16,264.35,2024-10-24,24,10,2024
OD00076,ORD00256,MI001,99,20.58,8.39,False,Gourmet Burger Station,2037.42,1206.81,2024-10-24,24,10,2024
OD00036,ORD00164,MI047,49,10.49,7.343,False,Maple Glazed Carrots,514.01,154.2,2024-10-10,10,10,2024
OD00493,ORD00164,MI037,12,19.29,6.07,False,Tuna Tartare,231.48,158.64,2024-10-10,10,10,2024
OD00353,ORD00164,MI034,52,11.26,7.882,False,Beef Tenderloin with Au Jus,585.52,175.66,2024-10-10,10,10,2024
OD00218,ORD00074,MI047,97,10.49,7.343,False,Maple Glazed Carrots,1017.53,305.26,2024-09-26,26,9,2024
OD00350,ORD00074,MI040,90,34.98,7.72,False,Quinoa Salad,3148.2,2453.4,2024-09-26,26,9,2024
OD00280,ORD00117,MI047,97,10.49,7.343,False,Maple Glazed Carrots,1017.53,305.26,2024-03-02,2,3,2024
OD00177,ORD00117,MI004,78,42.14,2.41,False,Fresh Fruit Platter,3286.92,3098.94,2024-03-02,2,3,2024
OD00452,ORD00117,MI050,9,44.42,16.47,False,Lobster Bisque Shooters,399.78,251.55,2024-03-02,2,3,2024
OD00300,ORD00022,MI047,61,10.49,7.343,False,Maple Glazed Carrots,639.89,191.97,2024-07-10,10,7,2024
OD00080,ORD00022,MI037,53,19.29,6.07,False,Tuna Tartare,1022.37,700.66,2024-07-10,10,7,2024
OD00487,ORD00073,MI047,33,10.49,7.343,False,Maple Glazed Carrots,346.17,103.85,2024-07-20,20,7,2024
OD00518,ORD00035,MI047,93,10.49,7.343,False,Maple Glazed Carrots,975.57,292.67,2024-07-08,8,7,2024
OD00469,ORD00035,MI036,70,42.32,13.08,False,Smoked Salmon Crostini,2962.4,2046.8,2024-07-08,8,7,2024
OD00527,ORD00035,MI013,47,27.55,16.25,False,Wild Mushroom Risotto,1294.85,531.1,2024-07-08,8,7,2024
OD00215,ORD00035,MI024,21,6.03,4.221,False,Prosciutto-Wrapped Melon,126.63,37.99,2024-07-08,8,7,2024
OD00040,ORD00181,MI049,71,47.14,21.19,False,Warm Bread Rolls,3346.94,1842.45,2024-12-24,24,12,2024
OD00137,ORD00186,MI049,68,47.14,21.19,False,Warm Bread Rolls,3205.52,1764.6,2024-08-12,12,8,2024
OD00108,ORD00186,MI040,90,34.98,7.72,False,Quinoa Salad,3148.2,2453.4,2024-08-12,12,8,2024
OD00162,ORD00186,MI043,98,27.77,19.439,False,Kimchi Pancakes,2721.46,816.44,2024-08-12,12,8,2024
OD00328,ORD00116,MI049,82,47.14,21.19,False,Warm Bread Rolls,3865.48,2127.9,2024-02-17,17,2,2024
OD00186,ORD00116,MI032,70,19.12,11.31,False,Gourmet Coffee Station,1338.4,546.7,2024-02-17,17,2,2024
OD00442,ORD00247,MI049,71,47.14,21.19,False,Warm Bread Rolls,3346.94,1842.45,2024-07-17,17,7,2024
OD00393,ORD00247,MI029,94,46.97,21.5,False,Pan-Seared Salmon,4415.18,2394.18,2024-07-17,17,7,2024
OD00025,ORD00049,MI020,47,11.36,6.09,False,Vegan Bolognese,533.92,247.69,2024-03-29,29,3,2024
OD00316,ORD00049,MI002,40,15.76,11.032,False,Crepe Station,630.4,189.12,2024-03-29,29,3,2024
OD00217,ORD00049,MI013,49,27.55,16.25,False,Wild Mushroom Risotto,1349.95,553.7,2024-03-29,29,3,2024
OD00573,ORD00049,MI013,69,27.55,16.25,False,Wild Mushroom Risotto,1900.95,779.7,2024-03-29,29,3,2024
OD00060,ORD00032,MI020,26,11.36,6.09,False,Vegan Bolognese,295.36,137.02,2024-06-18,18,6,2024
OD00317,ORD00032,MI041,45,10.48,5.08,False,Waffle Bar,471.6,243.0,2024-06-18,18,6,2024
OD00378,ORD00032,MI016,74,33.26,5.93,False,Asparagus with Hollandaise,2461.24,2022.42,2024-06-18,18,6,2024
OD00125,ORD00054,MI020,79,11.36,6.09,False,Vegan Bolognese,897.44,416.33,2024-12-11,11,12,2024
OD00251,ORD00044,MI020,51,11.36,6.09,False,Vegan Bolognese,579.36,268.77,2024-05-14,14,5,2024
OD00090,ORD00044,MI043,30,27.77,19.439,False,Kimchi Pancakes,833.1,249.93,2024-05-14,14,5,2024
OD00338,ORD00044,MI001,20,20.58,8.39,False,Gourmet Burger Station,411.6,243.8,2024-05-14,14,5,2024
OD00505,ORD00264,MI020,45,11.36,6.09,False,Vegan Bolognese,511.2,237.15,2024-01-02,2,1,2024
OD00598,ORD00001,MI020,29,11.36,6.09,False,Vegan Bolognese,329.44,152.83,2024-04-12,12,4,2024
OD00441,ORD00001,MI031,60,26.57,18.599,False,Roasted Vegetable Medley,1594.2,478.26,2024-04-12,12,4,2024
OD00026,ORD00292,MI018,81,28.96,20.0,False,Duck Confit Tacos,2345.76,725.76,2024-12-03,3,12,2024
OD00027,ORD00078,MI018,11,28.96,20.0,False,Duck Confit Tacos,318.56,98.56,2024-08-02,2,8,2024
OD00199,ORD00078,MI003,58,27.94,2.01,False,Lemon Meringue Tart,1620.52,1503.94,2024-08-02,2,8,2024
OD00033,ORD00255,MI018,91,28.96,20.0,False,Duck Confit Tacos,2635.36,815.36,2024-05-30,30,5,2024
OD00512,ORD00255,MI037,95,19.29,6.07,False,Tuna Tartare,1832.55,1255.9,2024-05-30,30,5,2024
OD00522,ORD00255,MI035,28,45.42,14.09,False,Chicken Florentine,1271.76,877.24,2024-05-30,30,5,2024
OD00055,ORD00172,MI018,54,28.96,20.0,False,Duck Confit Tacos,1563.84,483.84,2024-12-13,13,12,2024
OD00525,ORD00172,MI007,26,44.3,10.89,False,Assorted Tea Selection,1151.8,868.66,2024-12-13,13,12,2024
OD00091,ORD00278,MI018,9,28.96,20.0,False,Duck Confit Tacos,260.64,80.64,2024-02-23,23,2,2024
OD00053,ORD00278,MI010,60,30.86,6.87,False,Truffle Mac & Cheese,1851.6,1439.4,2024-02-23,23,2,2024
OD00129,ORD00121,MI018,99,28.96,20.0,False,Duck Confit Tacos,2867.04,887.04,2024-06-20,20,6,2024
OD00490,ORD00121,MI021,67,14.54,10.177999999999999,False,Organic Chicken Breast,974.18,292.25,2024-06-20,20,6,2024
OD00178,ORD00192,MI018,40,28.96,20.0,False,Duck Confit Tacos,1158.4,358.4,2024-06-08,8,6,2024
OD00580,ORD00192,MI036,87,42.32,13.08,False,Smoked Salmon Crostini,3681.84,2543.88,2024-06-08,8,6,2024
OD00314,ORD00192,MI016,80,33.26,5.93,False,Asparagus with Hollandaise,2660.8,2186.4,2024-06-08,8,6,2024
OD00592,ORD00192,MI043,78,27.77,19.439,False,Kimchi Pancakes,2166.06,649.82,2024-06-08,8,6,2024
OD00219,ORD00192,MI034,88,11.26,7.882,False,Beef Tenderloin with Au Jus,990.88,297.26,2024-06-08,8,6,2024
OD00224,ORD00126,MI018,69,28.96,20.0,False,Duck Confit Tacos,1998.24,618.24,2024-04-10,10,4,2024
OD00069,ORD00126,MI040,49,34.98,7.72,False,Quinoa Salad,1714.02,1335.74,2024-04-10,10,4,2024
OD00277,ORD00218,MI018,67,28.96,20.0,False,Duck Confit Tacos,1940.32,600.32,2024-08-05,5,8,2024
OD00417,ORD00218,MI014,73,22.87,8.84,False,Spicy Edamame,1669.51,1024.19,2024-08-05,5,8,2024
OD00561,ORD00218,MI001,14,20.58,8.39,False,Gourmet Burger Station,288.12,170.66,2024-08-05,5,8,2024
OD00434,ORD00066,MI018,27,28.96,20.0,False,Duck Confit Tacos,781.92,241.92,2024-04-15,15,4,2024
OD00335,ORD00066,MI036,58,42.32,13.08,False,Smoked Salmon Crostini,2454.56,1695.92,2024-04-15,15,4,2024
OD00303,ORD00066,MI016,11,33.26,5.93,False,Asparagus with Hollandaise,365.86,300.63,2024-04-15,15,4,2024
OD00119,ORD00066,MI007,10,44.3,10.89,False,Assorted Tea Selection,443.0,334.1,2024-04-15,15,4,2024
OD00445,ORD00067,MI018,55,28.96,20.0,False,Duck Confit Tacos,1592.8,492.8,2024-09-16,16,9,2024
OD00548,ORD00067,MI024,14,6.03,4.221,False,Prosciutto-Wrapped Melon,84.42,25.33,2024-09-16,16,9,2024
OD00470,ORD00147,MI018,98,28.96,20.0,False,Duck Confit Tacos,2838.08,878.08,2024-08-24,24,8,2024
OD00594,ORD00147,MI036,58,42.32,13.08,False,Smoked Salmon Crostini,2454.56,1695.92,2024-08-24,24,8,2024
OD00535,ORD00147,MI009,58,40.38,6.41,False,Herb Butter,2342.04,1970.26,2024-08-24,24,8,2024
OD00520,ORD00064,MI018,84,28.96,20.0,False,Duck Confit Tacos,2432.64,752.64,2024-01-02,2,1,2024
OD00028,ORD00105,MI002,55,15.76,11.032,False,Crepe Station,866.8,260.04,2024-06-11,11,6,2024
OD00046,ORD00010,MI002,91,15.76,11.032,False,Crepe Station,1434.16,430.25,2024-08-02,2,8,2024
OD00116,ORD00010,MI034,98,11.26,7.882,False,Beef Tenderloin with Au Jus,1103.48,331.04,2024-08-02,2,8,2024
OD00050,ORD00153,MI002,94,15.76,11.032,False,Crepe Station,1481.44,444.43,2024-06-08,8,6,2024
OD00556,ORD00153,MI044,72,15.46,10.822,False,Miniature Crab Cakes,1113.12,333.94,2024-06-08,8,6,2024
OD00063,ORD00039,MI002,94,15.76,11.032,False,Crepe Station,1481.44,444.43,2024-02-24,24,2,2024
OD00454,ORD00039,MI041,16,10.48,5.08,False,Waffle Bar,167.68,86.4,2024-02-24,24,2,2024
OD00591,ORD00039,MI029,21,46.97,21.5,False,Pan-Seared Salmon,986.37,534.87,2024-02-24,24,2,2024
OD00070,ORD00238,MI002,87,15.76,11.032,False,Crepe Station,1371.12,411.34,2024-11-21,21,11,2024
OD00358,ORD00238,MI031,67,26.57,18.599,False,Roasted Vegetable Medley,1780.19,534.06,2024-11-21,21,11,2024
OD00029,ORD00169,MI004,77,42.14,2.41,False,Fresh Fruit Platter,3244.78,3059.21,2024-10-12,12,10,2024
OD00290,ORD00169,MI017,27,35.34,3.72,False,Pork Belly Bao Buns,954.18,853.74,2024-10-12,12,10,2024
OD00158,ORD00014,MI004,38,42.14,2.41,False,Fresh Fruit Platter,1601.32,1509.74,2024-12-25,25,12,2024
OD00128,ORD00014,MI010,15,30.86,6.87,False,Truffle Mac & Cheese,462.9,359.85,2024-12-25,25,12,2024
OD00425,ORD00176,MI004,80,42.14,2.41,False,Fresh Fruit Platter,3371.2,3178.4,2024-10-09,9,10,2024
OD00372,ORD00176,MI016,85,33.26,5.93,False,Asparagus with Hollandaise,2827.1,2323.05,2024-10-09,9,10,2024
OD00468,ORD00190,MI004,73,42.14,2.41,False,Fresh Fruit Platter,3076.22,2900.29,2024-05-31,31,5,2024
OD00032,ORD00190,MI036,12,42.32,13.08,False,Smoked Salmon Crostini,507.84,350.88,2024-05-31,31,5,2024
OD00574,ORD00190,MI037,49,19.29,6.07,False,Tuna Tartare,945.21,647.78,2024-05-31,31,5,2024
OD00418,ORD00190,MI050,31,44.42,16.47,False,Lobster Bisque Shooters,1377.02,866.45,2024-05-31,31,5,2024
OD00499,ORD00203,MI004,70,42.14,2.41,False,Fresh Fruit Platter,2949.8,2781.1,2024-04-22,22,4,2024
OD00265,ORD00203,MI038,23,47.88,10.9,False,Dairy-Free Panna Cotta,1101.24,850.54,2024-04-22,22,4,2024
OD00075,ORD00203,MI043,72,27.77,19.439,False,Kimchi Pancakes,1999.44,599.83,2024-04-22,22,4,2024
OD00092,ORD00171,MI036,88,42.32,13.08,False,Smoked Salmon Crostini,3724.16,2573.12,2024-05-07,7,5,2024
OD00221,ORD00070,MI036,95,42.32,13.08,False,Smoked Salmon Crostini,4020.4,2777.8,2024-08-05,5,8,2024
OD00250,ORD00070,MI017,75,35.34,3.72,False,Pork Belly Bao Buns,2650.5,2371.5,2024-08-05,5,8,2024
OD00134,ORD00070,MI031,72,26.57,18.599,False,Roasted Vegetable Medley,1913.04,573.91,2024-08-05,5,8,2024
OD00261,ORD00070,MI044,19,15.46,10.822,False,Miniature Crab Cakes,293.74,88.12,2024-08-05,5,8,2024
OD00347,ORD00197,MI036,85,42.32,13.08,False,Smoked Salmon Crostini,3597.2,2485.4,2024-11-13,13,11,2024
OD00541,ORD00276,MI036,57,42.32,13.08,False,Smoked Salmon Crostini,2412.24,1666.68,2024-05-10,10,5,2024
OD00524,ORD00276,MI041,42,10.48,5.08,False,Waffle Bar,440.16,226.8,2024-05-10,10,5,2024
OD00551,ORD00257,MI036,74,42.32,13.08,False,Smoked Salmon Crostini,3131.68,2163.76,2024-04-08,8,4,2024
OD00034,ORD00266,MI037,93,19.29,6.07,False,Tuna Tartare,1793.97,1229.46,2024-09-10,10,9,2024
OD00118,ORD00219,MI037,98,19.29,6.07,False,Tuna Tartare,1890.42,1295.56,2024-06-08,8,6,2024
OD00462,ORD00219,MI043,63,27.77,19.439,False,Kimchi Pancakes,1749.51,524.85,2024-06-08,8,6,2024
OD00121,ORD00013,MI037,12,19.29,6.07,False,Tuna Tartare,231.48,158.64,2024-04-09,9,4,2024
OD00171,ORD00060,MI037,90,19.29,6.07,False,Tuna Tartare,1736.1,1189.8,2024-07-24,24,7,2024
OD00407,ORD00060,MI017,8,35.34,3.72,False,Pork Belly Bao Buns,282.72,252.96,2024-07-24,24,7,2024
OD00229,ORD00100,MI037,91,19.29,6.07,False,Tuna Tartare,1755.39,1203.02,2024-05-08,8,5,2024
OD00467,ORD00100,MI044,90,15.46,10.822,False,Miniature Crab Cakes,1391.4,417.42,2024-05-08,8,5,2024
OD00236,ORD00084,MI037,21,19.29,6.07,False,Tuna Tartare,405.09,277.62,2024-08-24,24,8,2024
OD00472,ORD00084,MI013,43,27.55,16.25,False,Wild Mushroom Risotto,1184.65,485.9,2024-08-24,24,8,2024
OD00255,ORD00084,MI006,9,47.41,10.39,False,Infused Water Bar,426.69,333.18,2024-08-24,24,8,2024
OD00337,ORD00254,MI037,76,19.29,6.07,False,Tuna Tartare,1466.04,1004.72,2024-09-23,23,9,2024
OD00210,ORD00254,MI011,98,30.5,13.15,False,Mediterranean Mezze,2989.0,1700.3,2024-09-23,23,9,2024
OD00164,ORD00254,MI042,69,26.52,11.63,False,Gluten-Free Brownies,1829.88,1027.41,2024-09-23,23,9,2024
OD00340,ORD00042,MI037,35,19.29,6.07,False,Tuna Tartare,675.15,462.7,2024-05-10,10,5,2024
OD00361,ORD00042,MI035,40,45.42,14.09,False,Chicken Florentine,1816.8,1253.2,2024-05-10,10,5,2024
OD00478,ORD00150,MI037,11,19.29,6.07,False,Tuna Tartare,212.19,145.42,2024-01-29,29,1,2024
OD00078,ORD00150,MI015,79,29.29,11.9,False,Spinach and Berry Salad,2313.91,1373.81,2024-01-29,29,1,2024
OD00426,ORD00150,MI013,84,27.55,16.25,False,Wild Mushroom Risotto,2314.2,949.2,2024-01-29,29,1,2024
OD00529,ORD00065,MI037,43,19.29,6.07,False,Tuna Tartare,829.47,568.46,2024-02-23,23,2,2024
OD00297,ORD00065,MI003,64,27.94,2.01,False,Lemon Meringue Tart,1788.16,1659.52,2024-02-23,23,2,2024
OD00038,ORD00258,MI040,63,34.98,7.72,False,Quinoa Salad,2203.74,1717.38,2024-09-19,19,9,2024
OD00083,ORD00258,MI031,92,26.57,18.599,False,Roasted Vegetable Medley,2444.44,733.33,2024-09-19,19,9,2024
OD00329,ORD00092,MI040,61,34.98,7.72,False,Quinoa Salad,2133.78,1662.86,2024-06-05,5,6,2024
OD00374,ORD00101,MI040,45,34.98,7.72,False,Quinoa Salad,1574.1,1226.7,2024-05-15,15,5,2024
OD00136,ORD00101,MI011,60,30.5,13.15,False,Mediterranean Mezze,1830.0,1041.0,2024-05-15,15,5,2024
OD00371,ORD00101,MI038,61,47.88,10.9,False,Dairy-Free Panna Cotta,2920.68,2255.78,2024-05-15,15,5,2024
OD00167,ORD00158,MI015,85,29.29,11.9,False,Spinach and Berry Salad,2489.65,1478.15,2024-10-10,10,10,2024
OD00516,ORD00158,MI041,7,10.48,5.08,False,Waffle Bar,73.36,37.8,2024-10-10,10,10,2024
OD00386,ORD00158,MI034,80,11.26,7.882,False,Beef Tenderloin with Au Jus,900.8,270.24,2024-10-10,10,10,2024
OD00339,ORD00097,MI015,63,29.29,11.9,False,Spinach and Berry Salad,1845.27,1095.57,2024-11-22,22,11,2024
OD00440,ORD00124,MI015,82,29.29,11.9,False,Spinach and Berry Salad,2401.78,1425.98,2024-02-04,4,2,2024
OD00051,ORD00124,MI011,13,30.5,13.15,False,Mediterranean Mezze,396.5,225.55,2024-02-04,4,2,2024
OD00489,ORD00124,MI021,86,14.54,10.177999999999999,False,Organic Chicken Breast,1250.44,375.13,2024-02-04,4,2,2024
OD00200,ORD00124,MI042,31,26.52,11.63,False,Gluten-Free Brownies,822.12,461.59,2024-02-04,4,2,2024
OD00471,ORD00030,MI015,51,29.29,11.9,False,Spinach and Berry Salad,1493.79,886.89,2024-02-18,18,2,2024
OD00176,ORD00030,MI006,41,47.41,10.39,False,Infused Water Bar,1943.81,1517.82,2024-02-18,18,2,2024
OD00100,ORD00030,MI032,19,19.12,11.31,False,Gourmet Coffee Station,363.28,148.39,2024-02-18,18,2,2024
OD00044,ORD00226,MI041,81,10.48,5.08,False,Waffle Bar,848.88,437.4,2024-09-11,11,9,2024
OD00410,ORD00226,MI010,33,30.86,6.87,False,Truffle Mac & Cheese,1018.38,791.67,2024-09-11,11,9,2024
OD00072,ORD00151,MI041,81,10.48,5.08,False,Waffle Bar,848.88,437.4,2024-02-05,5,2,2024
OD00127,ORD00209,MI029,54,46.97,21.5,False,Pan-Seared Salmon,2536.38,1375.38,2024-08-07,7,8,2024
OD00458,ORD00115,MI029,61,46.97,21.5,False,Pan-Seared Salmon,2865.17,1553.67,2024-02-02,2,2,2024
OD00411,ORD00131,MI010,87,30.86,6.87,False,Truffle Mac & Cheese,2684.82,2087.13,2024-09-11,11,9,2024
OD00275,ORD00131,MI014,31,22.87,8.84,False,Spicy Edamame,708.97,434.93,2024-09-11,11,9,2024
OD00397,ORD00131,MI017,22,35.34,3.72,False,Pork Belly Bao Buns,777.48,695.64,2024-09-11,11,9,2024
OD00486,ORD00063,MI010,24,30.86,6.87,False,Truffle Mac & Cheese,740.64,575.76,2024-12-25,25,12,2024
OD00383,ORD00063,MI013,85,27.55,16.25,False,Wild Mushroom Risotto,2341.75,960.5,2024-12-25,25,12,2024
OD00568,ORD00291,MI010,25,30.86,6.87,False,Truffle Mac & Cheese,771.5,599.75,2024-12-14,14,12,2024
OD00571,ORD00141,MI010,29,30.86,6.87,False,Truffle Mac & Cheese,894.94,695.71,2024-08-18,18,8,2024
OD00582,ORD00233,MI010,14,30.86,6.87,False,Truffle Mac & Cheese,432.04,335.86,2024-05-23,23,5,2024
OD00065,ORD00233,MI038,61,47.88,10.9,False,Dairy-Free Panna Cotta,2920.68,2255.78,2024-05-23,23,5,2024
OD00109,ORD00144,MI011,66,30.5,13.15,False,Mediterranean Mezze,2013.0,1145.1,2024-04-05,5,4,2024
OD00305,ORD00144,MI032,89,19.12,11.31,False,Gourmet Coffee Station,1701.68,695.09,2024-04-05,5,4,2024
OD00156,ORD00004,MI011,84,30.5,13.15,False,Mediterranean Mezze,2562.0,1457.4,2024-04-16,16,4,2024
OD00446,ORD00004,MI032,86,19.12,11.31,False,Gourmet Coffee Station,1644.32,671.66,2024-04-16,16,4,2024
OD00246,ORD00182,MI011,80,30.5,13.15,False,Mediterranean Mezze,2440.0,1388.0,2024-07-16,16,7,2024
OD00231,ORD00182,MI021,63,14.54,10.177999999999999,False,Organic Chicken Breast,916.02,274.81,2024-07-16,16,7,2024
OD00360,ORD00210,MI011,55,30.5,13.15,False,Mediterranean Mezze,1677.5,954.25,2024-02-23,23,2,2024
OD00457,ORD00210,MI044,9,15.46,10.822,False,Miniature Crab Cakes,139.14,41.74,2024-02-23,23,2,2024
OD00557,ORD00210,MI044,69,15.46,10.822,False,Miniature Crab Cakes,1066.74,320.02,2024-02-23,23,2,2024
OD00436,ORD00156,MI011,26,30.5,13.15,False,Mediterranean Mezze,793.0,451.1,2024-08-30,30,8,2024
OD00415,ORD00156,MI032,87,19.12,11.31,False,Gourmet Coffee Station,1663.44,679.47,2024-08-30,30,8,2024
OD00460,ORD00134,MI011,82,30.5,13.15,False,Mediterranean Mezze,2501.0,1422.7,2024-07-25,25,7,2024
OD00405,ORD00134,MI022,38,41.84,16.22,False,Garlic Mashed Potatoes,1589.92,973.56,2024-07-25,25,7,2024
OD00497,ORD00089,MI011,78,30.5,13.15,False,Mediterranean Mezze,2379.0,1353.3,2024-09-08,8,9,2024
OD00345,ORD00089,MI009,38,40.38,6.41,False,Herb Butter,1534.44,1290.86,2024-09-08,8,9,2024
OD00492,ORD00120,MI013,61,27.55,16.25,False,Wild Mushroom Risotto,1680.55,689.3,2024-04-08,8,4,2024
OD00245,ORD00120,MI021,25,14.54,10.177999999999999,False,Organic Chicken Breast,363.5,109.05,2024-04-08,8,4,2024
OD00510,ORD00120,MI042,45,26.52,11.63,False,Gluten-Free Brownies,1193.4,670.05,2024-04-08,8,4,2024
OD00566,ORD00241,MI013,55,27.55,16.25,False,Wild Mushroom Risotto,1515.25,621.5,2024-05-27,27,5,2024
OD00364,ORD00259,MI014,70,22.87,8.84,False,Spicy Edamame,1600.9,982.1,2024-09-08,8,9,2024
OD00207,ORD00259,MI044,71,15.46,10.822,False,Miniature Crab Cakes,1097.66,329.3,2024-09-08,8,9,2024
OD00432,ORD00212,MI014,72,22.87,8.84,False,Spicy Edamame,1646.64,1010.16,2024-08-11,11,8,2024
OD00179,ORD00019,MI009,96,40.38,6.41,False,Herb Butter,3876.48,3261.12,2024-09-14,14,9,2024
OD00098,ORD00019,MI044,42,15.46,10.822,False,Miniature Crab Cakes,649.32,194.8,2024-09-14,14,9,2024
OD00464,ORD00046,MI009,66,40.38,6.41,False,Herb Butter,2665.08,2242.02,2024-11-24,24,11,2024
OD00596,ORD00046,MI038,39,47.88,10.9,False,Dairy-Free Panna Cotta,1867.32,1442.22,2024-11-24,24,11,2024
OD00536,ORD00026,MI009,24,40.38,6.41,False,Herb Butter,969.12,815.28,2024-01-22,22,1,2024
OD00334,ORD00026,MI001,89,20.58,8.39,False,Gourmet Burger Station,1831.62,1084.91,2024-01-22,22,1,2024
OD00059,ORD00122,MI003,32,27.94,2.01,False,Lemon Meringue Tart,894.08,829.76,2024-12-25,25,12,2024
OD00066,ORD00018,MI003,30,27.94,2.01,False,Lemon Meringue Tart,838.2,777.9,2024-11-04,4,11,2024
OD00101,ORD00295,MI003,65,27.94,2.01,False,Lemon Meringue Tart,1816.1,1685.45,2024-06-11,11,6,2024
OD00226,ORD00295,MI022,62,41.84,16.22,False,Garlic Mashed Potatoes,2594.08,1588.44,2024-06-11,11,6,2024
OD00578,ORD00295,MI022,13,41.84,16.22,False,Garlic Mashed Potatoes,543.92,333.06,2024-06-11,11,6,2024
OD00155,ORD00071,MI003,47,27.94,2.01,False,Lemon Meringue Tart,1313.18,1218.71,2024-02-13,13,2,2024
OD00310,ORD00294,MI003,90,27.94,2.01,False,Lemon Meringue Tart,2514.6,2333.7,2024-11-05,5,11,2024
OD00447,ORD00294,MI022,84,41.84,16.22,False,Garlic Mashed Potatoes,3514.56,2152.08,2024-11-05,5,11,2024
OD00363,ORD00263,MI003,92,27.94,2.01,False,Lemon Meringue Tart,2570.48,2385.56,2024-02-29,29,2,2024
OD00388,ORD00162,MI003,59,27.94,2.01,False,Lemon Meringue Tart,1648.46,1529.87,2024-03-02,2,3,2024
OD00166,ORD00162,MI006,43,47.41,10.39,False,Infused Water Bar,2038.63,1591.86,2024-03-02,2,3,2024
OD00550,ORD00162,MI007,52,44.3,10.89,False,Assorted Tea Selection,2303.6,1737.32,2024-03-02,2,3,2024
OD00455,ORD00252,MI006,21,47.41,10.39,False,Infused Water Bar,995.61,777.42,2024-12-25,25,12,2024
OD00145,ORD00293,MI038,23,47.88,10.9,False,Dairy-Free Panna Cotta,1101.24,850.54,2024-07-12,12,7,2024
OD00359,ORD00104,MI038,93,47.88,10.9,False,Dairy-Free Panna Cotta,4452.84,3439.14,2024-03-21,21,3,2024
OD00114,ORD00104,MI024,17,6.03,4.221,False,Prosciutto-Wrapped Melon,102.51,30.75,2024-03-21,21,3,2024
OD00379,ORD00137,MI038,10,47.88,10.9,False,Dairy-Free Panna Cotta,478.8,369.8,2024-02-11,11,2,2024
OD00202,ORD00137,MI032,5,19.12,11.31,False,Gourmet Coffee Station,95.6,39.05,2024-02-11,11,2,2024
OD00537,ORD00093,MI038,23,47.88,10.9,False,Dairy-Free Panna Cotta,1101.24,850.54,2024-01-15,15,1,2024
OD00564,ORD00093,MI043,63,27.77,19.439,False,Kimchi Pancakes,1749.51,524.85,2024-01-15,15,1,2024
OD00534,ORD00015,MI016,45,33.26,5.93,False,Asparagus with Hollandaise,1496.7,1229.85,2024-05-31,31,5,2024
OD00071,ORD00135,MI017,15,35.34,3.72,False,Pork Belly Bao Buns,530.1,474.3,2024-01-15,15,1,2024
OD00235,ORD00031,MI017,69,35.34,3.72,False,Pork Belly Bao Buns,2438.46,2181.78,2024-02-28,28,2,2024
OD00256,ORD00250,MI017,25,35.34,3.72,False,Pork Belly Bao Buns,883.5,790.5,2024-02-08,8,2,2024
OD00274,ORD00069,MI017,28,35.34,3.72,False,Pork Belly Bao Buns,989.52,885.36,2024-07-09,9,7,2024
OD00216,ORD00069,MI035,22,45.42,14.09,False,Chicken Florentine,999.24,689.26,2024-07-09,9,7,2024
OD00479,ORD00083,MI017,83,35.34,3.72,False,Pork Belly Bao Buns,2933.22,2624.46,2024-07-26,26,7,2024
OD00131,ORD00075,MI035,74,45.42,14.09,False,Chicken Florentine,3361.08,2318.42,2024-12-16,16,12,2024
OD00201,ORD00075,MI034,38,11.26,7.882,False,Beef Tenderloin with Au Jus,427.88,128.36,2024-12-16,16,12,2024
OD00423,ORD00075,MI022,66,41.84,16.22,False,Garlic Mashed Potatoes,2761.44,1690.92,2024-12-16,16,12,2024
OD00284,ORD00081,MI035,71,45.42,14.09,False,Chicken Florentine,3224.82,2224.43,2024-10-22,22,10,2024
OD00123,ORD00234,MI001,37,20.58,8.39,False,Gourmet Burger Station,761.46,451.03,2024-04-06,6,4,2024
OD00146,ORD00230,MI001,91,20.58,8.39,False,Gourmet Burger Station,1872.78,1109.29,2024-04-07,7,4,2024
OD00396,ORD00025,MI001,72,20.58,8.39,False,Gourmet Burger Station,1481.76,877.68,2024-11-09,9,11,2024
OD00597,ORD00045,MI001,89,20.58,8.39,False,Gourmet Burger Station,1831.62,1084.91,2024-01-21,21,1,2024
OD00081,ORD00285,MI021,51,14.54,10.177999999999999,False,Organic Chicken Breast,741.54,222.46,2024-12-05,5,12,2024
OD00089,ORD00088,MI021,50,14.54,10.177999999999999,False,Organic Chicken Breast,727.0,218.1,2024-08-04,4,8,2024
OD00313,ORD00099,MI021,96,14.54,10.177999999999999,False,Organic Chicken Breast,1395.84,418.75,2024-12-09,9,12,2024
OD00147,ORD00202,MI031,59,26.57,18.599,False,Roasted Vegetable Medley,1567.63,470.29,2024-04-10,10,4,2024
OD00268,ORD00199,MI024,95,6.03,4.221,False,Prosciutto-Wrapped Melon,572.85,171.86,2024-09-24,24,9,2024
OD00421,ORD00034,MI024,17,6.03,4.221,False,Prosciutto-Wrapped Melon,102.51,30.75,2024-09-27,27,9,2024
OD00260,ORD00007,MI044,88,15.46,10.822,False,Miniature Crab Cakes,1360.48,408.14,2024-01-21,21,1,2024
OD00569,ORD00237,MI044,26,15.46,10.822,False,Miniature Crab Cakes,401.96,120.59,2024-07-05,5,7,2024
OD00099,ORD00023,MI034,31,11.26,7.882,False,Beef Tenderloin with Au Jus,349.06,104.72,2024-10-03,3,10,2024
OD00142,ORD00024,MI034,15,11.26,7.882,False,Beef Tenderloin with Au Jus,168.9,50.67,2024-06-09,9,6,2024
OD00165,ORD00024,MI050,47,44.42,16.47,False,Lobster Bisque Shooters,2087.74,1313.65,2024-06-09,9,6,2024
OD00195,ORD00240,MI034,17,11.26,7.882,False,Beef Tenderloin with Au Jus,191.42,57.43,2024-09-15,15,9,2024
OD00376,ORD00246,MI034,77,11.26,7.882,False,Beef Tenderloin with Au Jus,867.02,260.11,2024-12-17,17,12,2024
OD00433,ORD00272,MI034,48,11.26,7.882,False,Beef Tenderloin with Au Jus,540.48,162.14,2024-04-08,8,4,2024
OD00367,ORD00040,MI032,74,19.12,11.31,False,Gourmet Coffee Station,1414.88,577.94,2024-08-31,31,8,2024
OD00332,ORD00058,MI007,20,44.3,10.89,False,Assorted Tea Selection,886.0,668.2,2024-09-20,20,9,2024
OD00169,ORD00159,MI042,88,26.52,11.63,False,Gluten-Free Brownies,2333.76,1310.32,2024-03-06,6,3,2024
