WasteID,WasteDate,MenuItemWastedID,QuantityWasted,ReasonForWaste,EstimatedCostOfWaste,Day,Month,Year
WST00001,2024-05-11,MI011,15,Customer Returns,8.32,11,5,2024
WST00002,2024-04-02,MI031,8,Spoilage,99.03,2,4,2024
WST00003,2024-03-13,MI043,15,Spoilage,7.85,13,3,2024
WST00004,2024-09-04,MI032,14,Overproduction,47.23,4,9,2024
WST00005,2024-12-13,MI027,7,Damaged,52.94,13,12,2024
WST00006,2024-09-29,MI030,12,Overproduction,16.14,29,9,2024
WST00007,2024-02-12,MI043,17,Customer Returns,21.06,12,2,2024
WST00008,2024-02-10,MI002,17,Forecasting Error,38.42,10,2,2024
WST00008,2024-02-10,MI002,17,Forecasting Error,38.42,10,2,2024
WST00009,2024-06-18,MI049,10,Forecasting Error,77.36,18,6,2024
WST00009,2024-06-18,MI049,10,Forecasting Error,77.36,18,6,2024
WST00010,2024-07-30,MI009,19,Spoilage,53.17,30,7,2024
WST00011,2024-06-16,MI028,14,Forecasting Error,65.6,16,6,2024
WST00012,2024-02-08,MI031,11,Forecasting Error,98.59,8,2,2024
WST00013,2024-09-01,MI034,2,Forecasting Error,77.96,1,9,2024
WST00014,2024-05-30,MI015,18,Customer Returns,46.26,30,5,2024
WST00015,2024-04-20,MI048,7,Forecasting Error,47.41,20,4,2024
WST00016,2024-02-16,MI025,12,Forecasting Error,63.78,16,2,2024
WST00017,2024-03-03,MI036,2,Forecasting Error,68.21,3,3,2024
WST00017,2024-03-03,MI036,2,Forecasting Error,68.21,3,3,2024
WST00018,2024-08-12,MI008,14,Overproduction,52.57,12,8,2024
WST00018,2024-08-12,MI008,18,Overproduction,52.57,12,8,2024
WST00018,2024-08-12,MI008,14,Overproduction,52.57,12,8,2024
WST00019,2024-03-09,MI009,6,Customer Returns,66.26,9,3,2024
WST00020,2024-10-25,MI037,10,Spoilage,7.24,25,10,2024
WST00021,2024-10-16,MI048,15,Overproduction,45.81,16,10,2024
WST00022,2024-10-22,MI045,5,Damaged,31.5,22,10,2024
WST00023,2024-07-21,MI039,2,Customer Returns,17.27,21,7,2024
WST00024,2024-03-01,MI032,5,Customer Returns,14.46,1,3,2024
WST00025,2024-11-13,MI017,8,Damaged,62.3,13,11,2024
WST00025,2024-11-13,MI017,8,Damaged,62.3,13,11,2024
WST00026,2024-11-09,MI035,8,Damaged,54.74,9,11,2024
WST00027,2024-06-09,MI037,6,Damaged,29.09,9,6,2024
WST00027,2024-06-09,MI037,8,Damaged,29.09,9,6,2024
WST00027,2024-06-09,MI037,8,Damaged,29.09,9,6,2024
WST00028,2024-11-26,MI019,12,Spoilage,49.74,26,11,2024
WST00028,2024-11-26,MI019,10,Spoilage,49.74,26,11,2024
WST00029,2024-01-16,MI044,8,Forecasting Error,51.76,16,1,2024
WST00030,2024-12-03,MI029,9,Customer Returns,23.53,3,12,2024
WST00030,2024-12-03,MI029,9,Customer Returns,23.53,3,12,2024
WST00030,2024-12-03,MI029,9,Customer Returns,23.53,3,12,2024
WST00031,2024-04-03,MI007,14,Forecasting Error,66.95,3,4,2024
WST00032,2024-10-30,MI028,8,Forecasting Error,79.19,30,10,2024
WST00032,2024-10-30,MI028,8,Forecasting Error,79.19,30,10,2024
WST00032,2024-10-30,MI028,8,Forecasting Error,79.19,30,10,2024
WST00033,2024-05-17,MI009,10,Damaged,80.19,17,5,2024
WST00034,2024-12-03,MI028,6,Spoilage,62.23,3,12,2024
WST00034,2024-12-03,MI028,6,Spoilage,62.23,3,12,2024
WST00034,2024-12-03,MI028,6,Spoilage,62.23,3,12,2024
WST00035,2024-02-07,MI006,17,Overproduction,53.61,7,2,2024
WST00036,2024-05-06,MI029,4,Spoilage,10.8,6,5,2024
WST00037,2024-10-01,MI017,13,Forecasting Error,32.34,1,10,2024
WST00038,2024-06-12,MI016,4,Spoilage,13.86,12,6,2024
WST00039,2024-11-14,MI023,5,Damaged,96.56,14,11,2024
WST00040,2024-03-17,MI031,4,Overproduction,17.83,17,3,2024
WST00041,2024-06-22,MI003,18,Damaged,19.42,22,6,2024
WST00042,2024-12-23,MI021,6,Overproduction,89.51,23,12,2024
WST00043,2024-11-16,MI026,2,Forecasting Error,94.67,16,11,2024
WST00044,2024-03-31,MI036,11,Overproduction,77.75,31,3,2024
WST00045,2024-08-25,MI042,14,Overproduction,5.51,25,8,2024
WST00046,2024-09-20,MI037,5,Overproduction,5.13,20,9,2024
WST00047,2024-06-27,MI022,5,Spoilage,40.92,27,6,2024
WST00048,2024-07-27,MI042,10,Spoilage,18.62,27,7,2024
WST00049,2024-03-13,MI012,8,Forecasting Error,6.75,13,3,2024
WST00050,2024-04-16,MI042,14,Overproduction,49.09,16,4,2024
WST00051,2024-12-10,MI013,3,Customer Returns,94.59,10,12,2024
WST00051,2024-12-10,MI013,3,Customer Returns,94.59,10,12,2024
WST00052,2024-10-21,MI011,10,Forecasting Error,35.76,21,10,2024
WST00053,2024-10-10,MI016,16,Overproduction,67.81,10,10,2024
WST00053,2024-10-10,MI016,16,Overproduction,67.81,10,10,2024
WST00054,2024-12-18,MI008,17,Overproduction,66.96,18,12,2024
WST00055,2024-06-30,MI040,1,Spoilage,28.85,30,6,2024
WST00056,2024-02-06,MI040,10,Forecasting Error,66.79,6,2,2024
WST00057,2024-05-16,MI045,10,Overproduction,25.17,16,5,2024
WST00058,2024-12-03,MI002,2,Overproduction,16.59,3,12,2024
WST00058,2024-12-03,MI002,2,Overproduction,16.59,3,12,2024
WST00058,2024-12-03,MI002,2,Overproduction,16.59,3,12,2024
WST00059,2024-02-25,MI030,9,Forecasting Error,71.63,25,2,2024
WST00060,2024-07-05,MI030,13,Customer Returns,15.78,5,7,2024
WST00060,2024-07-05,MI030,13,Customer Returns,15.78,5,7,2024
WST00060,2024-07-05,MI030,13,Customer Returns,15.78,5,7,2024
WST00061,2024-12-06,MI012,16,Forecasting Error,99.71,6,12,2024
WST00062,2024-09-14,MI010,18,Forecasting Error,22.43,14,9,2024
WST00063,2024-02-27,MI044,19,Customer Returns,61.44,27,2,2024
WST00064,2024-12-28,MI011,12,Forecasting Error,44.08,28,12,2024
WST00065,2024-05-02,MI015,8,Overproduction,17.01,2,5,2024
WST00066,2024-07-06,MI016,14,Forecasting Error,7.65,6,7,2024
WST00066,2024-07-06,MI016,14,Forecasting Error,7.65,6,7,2024
WST00067,2024-08-17,MI017,15,Customer Returns,64.16,17,8,2024
WST00068,2024-06-16,MI026,10,Damaged,81.64,16,6,2024
WST00069,2024-04-23,MI002,15,Forecasting Error,84.99,23,4,2024
WST00070,2024-09-08,MI050,12,Spoilage,50.86,8,9,2024
WST00070,2024-09-08,MI050,12,Spoilage,50.86,8,9,2024
WST00070,2024-09-08,MI050,15,Spoilage,50.86,8,9,2024
WST00070,2024-09-08,MI050,15,Spoilage,50.86,8,9,2024
WST00071,2024-04-16,MI012,7,Overproduction,78.86,16,4,2024
WST00072,2024-02-06,MI026,13,Overproduction,68.92,6,2,2024
WST00073,2024-11-30,MI023,17,Spoilage,73.8,30,11,2024
WST00074,2024-04-01,MI018,7,Spoilage,51.8,1,4,2024
WST00075,2024-01-18,MI032,8,Forecasting Error,65.17,18,1,2024
WST00076,2024-12-19,MI049,18,Spoilage,81.52,19,12,2024
WST00077,2024-03-03,MI038,13,Damaged,42.8,3,3,2024
WST00077,2024-03-03,MI038,13,Damaged,42.8,3,3,2024
WST00078,2024-05-29,MI047,16,Customer Returns,81.57,29,5,2024
WST00079,2024-05-18,MI003,9,Spoilage,61.24,18,5,2024
WST00080,2024-07-04,MI038,12,Spoilage,20.76,4,7,2024
WST00081,2024-07-03,MI003,12,Damaged,7.34,3,7,2024
WST00082,2024-07-23,MI030,6,Overproduction,39.46,23,7,2024
WST00083,2024-09-16,MI001,19,Overproduction,56.94,16,9,2024
WST00084,2024-08-01,MI030,6,Forecasting Error,84.78,1,8,2024
WST00085,2024-09-12,MI045,3,Damaged,17.11,12,9,2024
WST00086,2024-05-14,MI032,16,Customer Returns,81.02,14,5,2024
WST00086,2024-05-14,MI032,13,Customer Returns,81.02,14,5,2024
WST00087,2024-03-01,MI028,18,Customer Returns,86.99,1,3,2024
WST00088,2024-12-28,MI021,16,Damaged,19.32,28,12,2024
WST00089,2024-11-05,MI046,7,Customer Returns,85.9,5,11,2024
WST00089,2024-11-05,MI046,7,Customer Returns,85.9,5,11,2024
WST00090,2024-03-28,MI013,4,Overproduction,99.19,28,3,2024
WST00091,2024-11-19,MI027,8,Customer Returns,74.05,19,11,2024
WST00092,2024-07-25,MI036,10,Customer Returns,79.55,25,7,2024
WST00093,2024-05-08,MI007,13,Damaged,99.47,8,5,2024
WST00093,2024-05-08,MI007,13,Damaged,99.47,8,5,2024
WST00094,2024-11-06,MI022,17,Damaged,62.52,6,11,2024
WST00095,2024-01-03,MI010,17,Customer Returns,34.25,3,1,2024
WST00096,2024-08-29,MI039,5,Spoilage,84.57,29,8,2024
WST00097,2024-04-30,MI015,5,Damaged,63.38,30,4,2024
WST00098,2024-04-11,MI015,19,Forecasting Error,60.21,11,4,2024
WST00099,2024-02-07,MI004,13,Forecasting Error,29.1,7,2,2024
WST00100,2024-12-06,MI032,14,Overproduction,76.85,6,12,2024
WST00101,2024-05-12,MI023,4,Customer Returns,12.76,12,5,2024
WST00102,2024-07-20,MI006,7,Spoilage,92.81,20,7,2024
WST00103,2024-12-13,MI024,8,Overproduction,35.95,13,12,2024
WST00104,2024-01-21,MI020,13,Customer Returns,17.14,21,1,2024
WST00104,2024-01-21,MI020,13,Customer Returns,17.14,21,1,2024
WST00105,2024-08-29,MI037,6,Damaged,47.02,29,8,2024
WST00106,2024-04-18,MI020,6,Forecasting Error,9.03,18,4,2024
WST00107,2024-10-29,MI012,3,Spoilage,70.04,29,10,2024
WST00108,2024-03-24,MI033,3,Forecasting Error,90.76,24,3,2024
WST00109,2024-03-23,MI028,13,Damaged,84.54,23,3,2024
WST00110,2024-10-17,MI008,2,Customer Returns,17.1,17,10,2024
WST00111,2024-03-09,MI001,16,Damaged,17.0,9,3,2024
WST00112,2024-05-08,MI037,6,Damaged,82.28,8,5,2024
WST00112,2024-05-08,MI037,6,Damaged,82.28,8,5,2024
WST00113,2024-07-14,MI022,8,Forecasting Error,92.8,14,7,2024
WST00114,2024-05-19,MI006,8,Spoilage,48.76,19,5,2024
WST00115,2024-10-09,MI021,6,Damaged,52.4,9,10,2024
WST00115,2024-10-09,MI021,6,Damaged,52.4,9,10,2024
WST00116,2024-11-07,MI032,14,Forecasting Error,35.23,7,11,2024
WST00117,2024-08-21,MI035,3,Spoilage,89.96,21,8,2024
WST00118,2024-01-23,MI015,10,Customer Returns,66.27,23,1,2024
WST00119,2024-06-01,MI005,2,Customer Returns,32.38,1,6,2024
WST00120,2024-10-03,MI046,12,Overproduction,33.38,3,10,2024
WST00121,2024-03-01,MI050,17,Forecasting Error,89.66,1,3,2024
WST00122,2024-11-14,MI048,5,Spoilage,6.3,14,11,2024
WST00123,2024-02-21,MI006,9,Damaged,35.66,21,2,2024
WST00123,2024-02-21,MI006,9,Damaged,35.66,21,2,2024
WST00124,2024-12-09,MI025,6,Customer Returns,57.66,9,12,2024
WST00124,2024-12-09,MI025,7,Customer Returns,57.66,9,12,2024
WST00125,2024-06-01,MI046,3,Spoilage,19.08,1,6,2024
WST00126,2024-08-24,MI040,13,Forecasting Error,13.75,24,8,2024
WST00126,2024-08-24,MI040,10,Forecasting Error,13.75,24,8,2024
WST00127,2024-11-06,MI029,13,Overproduction,82.45,6,11,2024
WST00128,2024-10-28,MI007,10,Customer Returns,89.97,28,10,2024
WST00129,2024-02-01,MI040,18,Spoilage,83.24,1,2,2024
WST00130,2024-02-24,MI013,17,Spoilage,90.38,24,2,2024
WST00131,2024-12-17,MI038,13,Spoilage,57.55,17,12,2024
WST00131,2024-12-17,MI038,10,Spoilage,57.55,17,12,2024
WST00132,2024-02-05,MI018,17,Forecasting Error,82.16,5,2,2024
WST00133,2024-04-19,MI002,4,Forecasting Error,41.48,19,4,2024
WST00134,2024-06-25,MI008,1,Forecasting Error,68.3,25,6,2024
WST00135,2024-12-27,MI011,1,Damaged,98.94,27,12,2024
WST00136,2024-11-09,MI033,15,Spoilage,26.44,9,11,2024
WST00137,2024-10-21,MI038,10,Customer Returns,42.04,21,10,2024
WST00138,2024-12-01,MI048,17,Forecasting Error,50.6,1,12,2024
WST00139,2024-04-06,MI027,8,Forecasting Error,18.11,6,4,2024
WST00140,2024-07-31,MI020,18,Spoilage,12.7,31,7,2024
WST00141,2024-11-12,MI012,13,Forecasting Error,83.82,12,11,2024
WST00142,2024-05-16,MI043,14,Damaged,97.8,16,5,2024
WST00143,2024-01-06,MI031,8,Damaged,43.45,6,1,2024
WST00144,2024-04-18,MI027,8,Forecasting Error,13.33,18,4,2024
WST00145,2024-02-04,MI032,15,Spoilage,11.25,4,2,2024
WST00145,2024-02-04,MI032,15,Spoilage,11.25,4,2,2024
WST00146,2024-02-08,MI010,13,Spoilage,89.68,8,2,2024
WST00147,2024-05-29,MI003,7,Spoilage,49.06,29,5,2024
WST00148,2024-04-27,MI045,5,Overproduction,35.4,27,4,2024
WST00149,2024-09-17,MI027,17,Forecasting Error,50.26,17,9,2024
WST00150,2024-03-27,MI035,16,Spoilage,35.24,27,3,2024
WST00151,2024-03-16,MI031,2,Damaged,51.46,16,3,2024
WST00152,2024-11-08,MI015,18,Customer Returns,86.66,8,11,2024
WST00153,2024-08-01,MI016,14,Customer Returns,61.27,1,8,2024
WST00154,2024-10-11,MI013,7,Spoilage,70.99,11,10,2024
WST00155,2024-08-26,MI049,13,Customer Returns,39.64,26,8,2024
WST00156,2024-06-13,MI035,18,Customer Returns,75.16,13,6,2024
WST00157,2024-03-27,MI011,14,Overproduction,68.33,27,3,2024
WST00158,2024-05-20,MI021,18,Damaged,16.36,20,5,2024
WST00159,2024-06-08,MI011,13,Damaged,59.4,8,6,2024
WST00159,2024-06-08,MI011,10,Damaged,59.4,8,6,2024
WST00159,2024-06-08,MI011,10,Damaged,59.4,8,6,2024
WST00159,2024-06-08,MI011,13,Damaged,59.4,8,6,2024
WST00160,2024-02-15,MI030,11,Overproduction,29.39,15,2,2024
WST00161,2024-04-21,MI048,16,Overproduction,81.39,21,4,2024
WST00161,2024-04-21,MI048,16,Overproduction,81.39,21,4,2024
WST00162,2024-02-14,MI035,17,Customer Returns,45.46,14,2,2024
WST00163,2024-09-03,MI022,8,Forecasting Error,99.49,3,9,2024
WST00164,2024-04-13,MI038,19,Customer Returns,13.79,13,4,2024
WST00165,2024-03-25,MI031,15,Overproduction,79.13,25,3,2024
WST00166,2024-05-13,MI014,7,Damaged,69.0,13,5,2024
WST00167,2024-04-17,MI024,10,Customer Returns,77.91,17,4,2024
WST00168,2024-01-18,MI050,12,Forecasting Error,34.22,18,1,2024
WST00169,2024-04-03,MI049,1,Customer Returns,51.75,3,4,2024
WST00170,2024-05-29,MI032,9,Spoilage,80.67,29,5,2024
WST00171,2024-09-02,MI036,15,Customer Returns,27.09,2,9,2024
WST00172,2024-10-15,MI032,1,Overproduction,26.47,15,10,2024
WST00172,2024-10-15,MI032,1,Overproduction,26.47,15,10,2024
WST00173,2024-07-27,MI015,12,Damaged,57.35,27,7,2024
WST00174,2024-05-05,MI043,3,Damaged,54.74,5,5,2024
WST00175,2024-08-22,MI035,11,Overproduction,31.81,22,8,2024
WST00176,2024-05-01,MI003,2,Spoilage,33.32,1,5,2024
WST00177,2024-05-17,MI016,16,Overproduction,31.4,17,5,2024
WST00178,2024-04-24,MI005,9,Customer Returns,78.29,24,4,2024
WST00179,2024-06-10,MI021,12,Overproduction,66.93,10,6,2024
WST00180,2024-07-19,MI010,10,Overproduction,84.08,19,7,2024
WST00180,2024-07-19,MI010,12,Overproduction,84.08,19,7,2024
WST00181,2024-08-21,MI019,1,Spoilage,97.67,21,8,2024
WST00182,2024-01-28,MI025,13,Customer Returns,50.05,28,1,2024
WST00182,2024-01-28,MI025,13,Customer Returns,50.05,28,1,2024
WST00183,2024-01-11,MI004,14,Forecasting Error,11.34,11,1,2024
WST00184,2024-07-24,MI029,8,Forecasting Error,9.57,24,7,2024
WST00185,2024-06-15,MI019,6,Damaged,33.09,15,6,2024
WST00186,2024-09-03,MI043,12,Overproduction,93.59,3,9,2024
WST00187,2024-02-16,MI002,1,Damaged,54.71,16,2,2024
WST00188,2024-09-02,MI010,11,Spoilage,30.82,2,9,2024
WST00189,2024-05-06,MI043,8,Forecasting Error,42.92,6,5,2024
WST00190,2024-05-26,MI025,10,Overproduction,61.87,26,5,2024
WST00190,2024-05-26,MI025,8,Overproduction,61.87,26,5,2024
WST00191,2024-04-27,MI020,19,Spoilage,67.03,27,4,2024
WST00192,2024-05-31,MI048,11,Spoilage,19.62,31,5,2024
WST00192,2024-05-31,MI048,9,Spoilage,19.62,31,5,2024
WST00192,2024-05-31,MI048,11,Spoilage,19.62,31,5,2024
WST00193,2024-03-12,MI019,7,Overproduction,97.82,12,3,2024
WST00194,2024-12-28,MI023,11,Spoilage,56.75,28,12,2024
WST00195,2024-05-16,MI024,17,Overproduction,17.89,16,5,2024
WST00196,2024-06-23,MI011,1,Overproduction,89.9,23,6,2024
WST00197,2024-10-15,MI046,8,Customer Returns,12.09,15,10,2024
WST00197,2024-10-15,MI046,8,Customer Returns,12.09,15,10,2024
WST00198,2024-01-19,MI034,6,Damaged,91.23,19,1,2024
WST00199,2024-07-13,MI028,18,Spoilage,99.67,13,7,2024
WST00200,2024-11-25,MI005,6,Spoilage,71.54,25,11,2024
WST00201,2024-06-23,MI005,4,Customer Returns,78.19,23,6,2024
WST00202,2024-12-19,MI021,13,Customer Returns,37.04,19,12,2024
WST00203,2024-05-20,MI012,19,Customer Returns,94.45,20,5,2024
WST00204,2024-09-02,MI050,8,Forecasting Error,55.32,2,9,2024
WST00205,2024-04-02,MI004,9,Forecasting Error,74.58,2,4,2024
WST00206,2024-08-26,MI049,17,Forecasting Error,92.79,26,8,2024
WST00207,2024-07-23,MI042,3,Overproduction,97.64,23,7,2024
WST00208,2024-02-17,MI020,19,Spoilage,84.15,17,2,2024
WST00209,2024-09-01,MI038,11,Damaged,33.79,1,9,2024
WST00210,2024-11-15,MI025,14,Overproduction,96.82,15,11,2024
WST00211,2024-11-12,MI014,19,Spoilage,64.67,12,11,2024
WST00212,2024-10-21,MI011,2,Spoilage,93.41,21,10,2024
WST00213,2024-05-07,MI032,8,Customer Returns,69.23,7,5,2024
WST00213,2024-05-07,MI032,6,Customer Returns,69.23,7,5,2024
WST00214,2024-12-09,MI011,15,Customer Returns,34.19,9,12,2024
WST00214,2024-12-09,MI011,19,Customer Returns,34.19,9,12,2024
WST00215,2024-10-08,MI018,7,Overproduction,40.15,8,10,2024
WST00216,2024-01-17,MI027,17,Customer Returns,57.29,17,1,2024
WST00217,2024-03-11,MI018,6,Spoilage,80.05,11,3,2024
WST00218,2024-09-25,MI023,19,Customer Returns,35.21,25,9,2024
WST00219,2024-11-20,MI011,6,Forecasting Error,60.07,20,11,2024
WST00220,2024-10-08,MI021,2,Customer Returns,37.83,8,10,2024
WST00221,2024-10-31,MI044,6,Spoilage,82.5,31,10,2024
WST00222,2024-01-07,MI005,5,Overproduction,49.34,7,1,2024
WST00223,2024-11-09,MI023,19,Damaged,12.29,9,11,2024
WST00224,2024-10-31,MI041,4,Customer Returns,20.77,31,10,2024
WST00225,2024-04-12,MI025,17,Spoilage,10.8,12,4,2024
WST00225,2024-04-12,MI025,14,Spoilage,10.8,12,4,2024
WST00226,2024-11-04,MI041,11,Damaged,52.43,4,11,2024
WST00227,2024-07-11,MI010,4,Damaged,15.1,11,7,2024
WST00228,2024-08-28,MI022,10,Forecasting Error,15.84,28,8,2024
WST00229,2024-03-02,MI019,17,Damaged,94.4,2,3,2024
WST00229,2024-03-02,MI019,14,Damaged,94.4,2,3,2024
WST00230,2024-01-17,MI001,9,Spoilage,87.9,17,1,2024
WST00231,2024-06-19,MI007,4,Spoilage,47.95,19,6,2024
WST00232,2024-01-25,MI004,14,Customer Returns,98.65,25,1,2024
WST00233,2024-09-07,MI001,19,Customer Returns,5.02,7,9,2024
WST00234,2024-09-09,MI015,3,Customer Returns,63.33,9,9,2024
WST00235,2024-07-25,MI040,11,Damaged,63.56,25,7,2024
WST00236,2024-01-29,MI012,8,Damaged,48.46,29,1,2024
WST00237,2024-04-26,MI022,1,Forecasting Error,42.71,26,4,2024
WST00238,2024-10-08,MI022,10,Customer Returns,48.26,8,10,2024
WST00239,2024-05-23,MI050,18,Overproduction,44.42,23,5,2024
WST00239,2024-05-23,MI050,18,Overproduction,44.42,23,5,2024
WST00240,2024-01-25,MI047,16,Forecasting Error,74.4,25,1,2024
WST00241,2024-11-05,MI017,8,Overproduction,17.86,5,11,2024
WST00241,2024-11-05,MI017,8,Overproduction,17.86,5,11,2024
WST00242,2024-06-04,MI029,1,Damaged,23.78,4,6,2024
WST00243,2024-03-13,MI046,12,Forecasting Error,22.15,13,3,2024
WST00244,2024-04-29,MI014,6,Forecasting Error,29.93,29,4,2024
WST00245,2024-11-07,MI050,16,Spoilage,54.9,7,11,2024
WST00246,2024-11-16,MI020,18,Damaged,15.56,16,11,2024
WST00247,2024-04-02,MI050,4,Damaged,87.48,2,4,2024
WST00248,2024-03-26,MI048,5,Forecasting Error,33.25,26,3,2024
WST00249,2024-12-01,MI033,12,Damaged,20.44,1,12,2024
WST00250,2024-12-29,MI043,9,Forecasting Error,69.18,29,12,2024
WST00251,2024-04-27,MI015,15,Spoilage,8.62,27,4,2024
WST00252,2024-08-20,MI012,16,Forecasting Error,63.9,20,8,2024
WST00252,2024-08-20,MI012,16,Forecasting Error,63.9,20,8,2024
WST00252,2024-08-20,MI012,13,Forecasting Error,63.9,20,8,2024
WST00253,2024-07-17,MI040,10,Damaged,71.33,17,7,2024
WST00254,2024-07-24,MI020,14,Damaged,25.42,24,7,2024
WST00255,2024-12-04,MI030,13,Forecasting Error,8.99,4,12,2024
WST00256,2024-05-26,MI038,2,Forecasting Error,39.55,26,5,2024
WST00256,2024-05-26,MI038,2,Forecasting Error,39.55,26,5,2024
WST00257,2024-09-27,MI003,3,Forecasting Error,14.37,27,9,2024
WST00257,2024-09-27,MI003,3,Forecasting Error,14.37,27,9,2024
WST00257,2024-09-27,MI003,3,Forecasting Error,14.37,27,9,2024
WST00258,2024-05-18,MI028,10,Customer Returns,16.07,18,5,2024
WST00259,2024-06-29,MI026,9,Damaged,29.15,29,6,2024
WST00260,2024-01-30,MI030,8,Damaged,33.07,30,1,2024
WST00261,2024-02-26,MI013,10,Customer Returns,55.35,26,2,2024
WST00262,2024-08-19,MI013,19,Forecasting Error,69.45,19,8,2024
WST00263,2024-05-25,MI002,3,Spoilage,61.31,25,5,2024
WST00264,2024-02-17,MI037,5,Forecasting Error,19.09,17,2,2024
WST00265,2024-07-12,MI049,3,Forecasting Error,21.35,12,7,2024
WST00266,2024-08-11,MI038,16,Customer Returns,88.48,11,8,2024
WST00267,2024-05-15,MI002,17,Damaged,58.04,15,5,2024
WST00268,2024-01-22,MI036,15,Forecasting Error,87.64,22,1,2024
WST00269,2024-01-06,MI026,3,Damaged,40.3,6,1,2024
WST00270,2024-07-22,MI011,12,Overproduction,63.37,22,7,2024
WST00271,2024-08-26,MI008,9,Damaged,54.75,26,8,2024
WST00272,2024-07-03,MI044,12,Spoilage,35.32,3,7,2024
WST00273,2024-12-25,MI040,12,Spoilage,49.64,25,12,2024
WST00273,2024-12-25,MI040,12,Spoilage,49.64,25,12,2024
WST00273,2024-12-25,MI040,12,Spoilage,49.64,25,12,2024
WST00273,2024-12-25,MI040,12,Spoilage,49.64,25,12,2024
WST00274,2024-10-18,MI043,2,Forecasting Error,52.74,18,10,2024
WST00275,2024-11-30,MI022,18,Damaged,24.07,30,11,2024
WST00276,2024-08-07,MI020,10,Forecasting Error,34.93,7,8,2024
WST00277,2024-04-25,MI008,4,Customer Returns,80.18,25,4,2024
WST00277,2024-04-25,MI008,4,Customer Returns,80.18,25,4,2024
WST00278,2024-11-08,MI029,16,Spoilage,92.0,8,11,2024
WST00279,2024-02-18,MI040,16,Forecasting Error,39.18,18,2,2024
WST00280,2024-06-21,MI026,1,Customer Returns,34.16,21,6,2024
WST00281,2024-03-22,MI030,2,Forecasting Error,23.54,22,3,2024
WST00282,2024-11-17,MI017,3,Damaged,69.46,17,11,2024
WST00283,2024-11-28,MI020,17,Damaged,35.69,28,11,2024
WST00284,2024-02-14,MI016,1,Damaged,98.84,14,2,2024
WST00285,2024-11-30,MI046,6,Damaged,35.94,30,11,2024
WST00286,2024-01-20,MI043,15,Overproduction,42.44,20,1,2024
WST00287,2024-08-08,MI007,14,Customer Returns,62.32,8,8,2024
WST00288,2024-05-02,MI016,15,Customer Returns,81.16,2,5,2024
WST00289,2024-08-21,MI045,14,Damaged,49.6,21,8,2024
WST00290,2024-08-08,MI047,5,Overproduction,45.15,8,8,2024
WST00291,2024-11-18,MI048,6,Damaged,99.59,18,11,2024
WST00292,2024-12-04,MI027,17,Overproduction,6.0,4,12,2024
WST00293,2024-01-03,MI023,11,Damaged,90.03,3,1,2024
WST00294,2024-06-30,MI024,16,Spoilage,19.17,30,6,2024
WST00295,2024-07-24,MI009,12,Spoilage,79.66,24,7,2024
WST00296,2024-11-15,MI035,12,Forecasting Error,63.7,15,11,2024
WST00297,2024-02-09,MI020,4,Damaged,37.48,9,2,2024
WST00298,2024-02-28,MI037,14,Customer Returns,88.02,28,2,2024
WST00299,2024-03-02,MI042,3,Forecasting Error,6.23,2,3,2024
WST00299,2024-03-02,MI042,2,Forecasting Error,6.23,2,3,2024
WST00300,2024-05-11,MI017,8,Spoilage,26.54,11,5,2024
